"game_date","season"
"1999-11-02",2000
"1999-11-03",2000
"1999-11-04",2000
"1999-11-05",2000
"1999-11-06",2000
"1999-11-07",2000
"1999-11-08",2000
"1999-11-09",2000
"1999-11-10",2000
"1999-11-11",2000
"1999-11-12",2000
"1999-11-13",2000
"1999-11-14",2000
"1999-11-15",2000
"1999-11-16",2000
"1999-11-17",2000
"1999-11-18",2000
"1999-11-19",2000
"1999-11-20",2000
"1999-11-21",2000
"1999-11-22",2000
"1999-11-23",2000
"1999-11-24",2000
"1999-11-25",2000
"1999-11-26",2000
"1999-11-27",2000
"1999-11-28",2000
"1999-11-29",2000
"1999-11-30",2000
"1999-12-01",2000
"1999-12-02",2000
"1999-12-03",2000
"1999-12-04",2000
"1999-12-05",2000
"1999-12-06",2000
"1999-12-07",2000
"1999-12-08",2000
"1999-12-09",2000
"1999-12-10",2000
"1999-12-11",2000
"1999-12-12",2000
"1999-12-13",2000
"1999-12-14",2000
"1999-12-15",2000
"1999-12-16",2000
"1999-12-17",2000
"1999-12-18",2000
"1999-12-19",2000
"1999-12-20",2000
"1999-12-21",2000
"1999-12-22",2000
"1999-12-23",2000
"1999-12-25",2000
"1999-12-26",2000
"1999-12-27",2000
"1999-12-28",2000
"1999-12-29",2000
"1999-12-30",2000
"2000-01-02",2000
"2000-01-03",2000
"2000-01-04",2000
"2000-01-05",2000
"2000-01-06",2000
"2000-01-07",2000
"2000-01-08",2000
"2000-01-09",2000
"2000-01-10",2000
"2000-01-11",2000
"2000-01-12",2000
"2000-01-13",2000
"2000-01-14",2000
"2000-01-15",2000
"2000-01-16",2000
"2000-01-17",2000
"2000-01-18",2000
"2000-01-19",2000
"2000-01-20",2000
"2000-01-21",2000
"2000-01-22",2000
"2000-01-23",2000
"2000-01-24",2000
"2000-01-25",2000
"2000-01-26",2000
"2000-01-27",2000
"2000-01-28",2000
"2000-01-29",2000
"2000-01-30",2000
"2000-01-31",2000
"2000-02-01",2000
"2000-02-02",2000
"2000-02-03",2000
"2000-02-04",2000
"2000-02-05",2000
"2000-02-06",2000
"2000-02-07",2000
"2000-02-08",2000
"2000-02-09",2000
"2000-02-10",2000
"2000-02-15",2000
"2000-02-16",2000
"2000-02-17",2000
"2000-02-18",2000
"2000-02-19",2000
"2000-02-20",2000
"2000-02-21",2000
"2000-02-22",2000
"2000-02-23",2000
"2000-02-24",2000
"2000-02-25",2000
"2000-02-26",2000
"2000-02-27",2000
"2000-02-28",2000
"2000-02-29",2000
"2000-03-01",2000
"2000-03-02",2000
"2000-03-03",2000
"2000-03-04",2000
"2000-03-05",2000
"2000-03-06",2000
"2000-03-07",2000
"2000-03-08",2000
"2000-03-09",2000
"2000-03-10",2000
"2000-03-11",2000
"2000-03-12",2000
"2000-03-13",2000
"2000-03-14",2000
"2000-03-15",2000
"2000-03-16",2000
"2000-03-17",2000
"2000-03-18",2000
"2000-03-19",2000
"2000-03-20",2000
"2000-03-21",2000
"2000-03-22",2000
"2000-03-23",2000
"2000-03-24",2000
"2000-03-25",2000
"2000-03-26",2000
"2000-03-27",2000
"2000-03-28",2000
"2000-03-29",2000
"2000-03-30",2000
"2000-03-31",2000
"2000-04-01",2000
"2000-04-02",2000
"2000-04-04",2000
"2000-04-05",2000
"2000-04-06",2000
"2000-04-07",2000
"2000-04-08",2000
"2000-04-09",2000
"2000-04-10",2000
"2000-04-11",2000
"2000-04-12",2000
"2000-04-13",2000
"2000-04-14",2000
"2000-04-15",2000
"2000-04-16",2000
"2000-04-17",2000
"2000-04-18",2000
"2000-04-19",2000
"2001-04-18",2000
"2000-10-31",2001
"2000-11-01",2001
"2000-11-02",2001
"2000-11-03",2001
"2000-11-04",2001
"2000-11-05",2001
"2000-11-06",2001
"2000-11-07",2001
"2000-11-08",2001
"2000-11-09",2001
"2000-11-10",2001
"2000-11-11",2001
"2000-11-12",2001
"2000-11-13",2001
"2000-11-14",2001
"2000-11-15",2001
"2000-11-16",2001
"2000-11-17",2001
"2000-11-18",2001
"2000-11-19",2001
"2000-11-20",2001
"2000-11-21",2001
"2000-11-22",2001
"2000-11-23",2001
"2000-11-24",2001
"2000-11-25",2001
"2000-11-26",2001
"2000-11-27",2001
"2000-11-28",2001
"2000-11-29",2001
"2000-11-30",2001
"2000-12-01",2001
"2000-12-02",2001
"2000-12-03",2001
"2000-12-04",2001
"2000-12-05",2001
"2000-12-06",2001
"2000-12-07",2001
"2000-12-08",2001
"2000-12-09",2001
"2000-12-10",2001
"2000-12-11",2001
"2000-12-12",2001
"2000-12-13",2001
"2000-12-14",2001
"2000-12-15",2001
"2000-12-16",2001
"2000-12-17",2001
"2000-12-18",2001
"2000-12-19",2001
"2000-12-20",2001
"2000-12-21",2001
"2000-12-22",2001
"2000-12-23",2001
"2000-12-25",2001
"2000-12-26",2001
"2000-12-27",2001
"2000-12-28",2001
"2000-12-29",2001
"2000-12-30",2001
"2000-12-31",2001
"2001-01-01",2001
"2001-01-02",2001
"2001-01-03",2001
"2001-01-04",2001
"2001-01-05",2001
"2001-01-06",2001
"2001-01-07",2001
"2001-01-08",2001
"2001-01-09",2001
"2001-01-10",2001
"2001-01-11",2001
"2001-01-12",2001
"2001-01-13",2001
"2001-01-14",2001
"2001-01-15",2001
"2001-01-16",2001
"2001-01-17",2001
"2001-01-18",2001
"2001-01-19",2001
"2001-01-20",2001
"2001-01-21",2001
"2001-01-22",2001
"2001-01-23",2001
"2001-01-24",2001
"2001-01-25",2001
"2001-01-26",2001
"2001-01-27",2001
"2001-01-28",2001
"2001-01-29",2001
"2001-01-30",2001
"2001-01-31",2001
"2001-02-01",2001
"2001-02-02",2001
"2001-02-03",2001
"2001-02-04",2001
"2001-02-05",2001
"2001-02-06",2001
"2001-02-07",2001
"2001-02-08",2001
"2001-02-13",2001
"2001-02-14",2001
"2001-02-15",2001
"2001-02-16",2001
"2001-02-17",2001
"2001-02-18",2001
"2001-02-19",2001
"2001-02-20",2001
"2001-02-21",2001
"2001-02-22",2001
"2001-02-23",2001
"2001-02-24",2001
"2001-02-25",2001
"2001-02-26",2001
"2001-02-27",2001
"2001-02-28",2001
"2001-03-01",2001
"2001-03-02",2001
"2001-03-03",2001
"2001-03-04",2001
"2001-03-05",2001
"2001-03-06",2001
"2001-03-07",2001
"2001-03-08",2001
"2001-03-09",2001
"2001-03-10",2001
"2001-03-11",2001
"2001-03-12",2001
"2001-03-13",2001
"2001-03-14",2001
"2001-03-15",2001
"2001-03-16",2001
"2001-03-17",2001
"2001-03-18",2001
"2001-03-19",2001
"2001-03-20",2001
"2001-03-21",2001
"2001-03-22",2001
"2001-03-23",2001
"2001-03-24",2001
"2001-03-25",2001
"2001-03-26",2001
"2001-03-27",2001
"2001-03-28",2001
"2001-03-29",2001
"2001-03-30",2001
"2001-03-31",2001
"2001-04-01",2001
"2001-04-03",2001
"2001-04-04",2001
"2001-04-05",2001
"2001-04-06",2001
"2001-04-07",2001
"2001-04-08",2001
"2001-04-09",2001
"2001-04-10",2001
"2001-04-11",2001
"2001-04-12",2001
"2001-04-13",2001
"2001-04-14",2001
"2001-04-15",2001
"2001-04-16",2001
"2001-04-17",2001
"2001-04-18",2001
"2001-10-30",2002
"2001-10-31",2002
"2001-11-01",2002
"2001-11-02",2002
"2001-11-03",2002
"2001-11-04",2002
"2001-11-05",2002
"2001-11-06",2002
"2001-11-07",2002
"2001-11-08",2002
"2001-11-09",2002
"2001-11-10",2002
"2001-11-11",2002
"2001-11-12",2002
"2001-11-13",2002
"2001-11-14",2002
"2001-11-15",2002
"2001-11-16",2002
"2001-11-17",2002
"2001-11-18",2002
"2001-11-19",2002
"2001-11-20",2002
"2001-11-21",2002
"2001-11-22",2002
"2001-11-23",2002
"2001-11-24",2002
"2001-11-25",2002
"2001-11-26",2002
"2001-11-27",2002
"2001-11-28",2002
"2001-11-29",2002
"2001-11-30",2002
"2001-12-01",2002
"2001-12-02",2002
"2001-12-03",2002
"2001-12-04",2002
"2001-12-05",2002
"2001-12-06",2002
"2001-12-07",2002
"2001-12-08",2002
"2001-12-09",2002
"2001-12-10",2002
"2001-12-11",2002
"2001-12-12",2002
"2001-12-13",2002
"2001-12-14",2002
"2001-12-15",2002
"2001-12-16",2002
"2001-12-17",2002
"2001-12-18",2002
"2001-12-19",2002
"2001-12-20",2002
"2001-12-21",2002
"2001-12-22",2002
"2001-12-23",2002
"2001-12-25",2002
"2001-12-26",2002
"2001-12-27",2002
"2001-12-28",2002
"2001-12-29",2002
"2001-12-30",2002
"2001-12-31",2002
"2002-01-01",2002
"2002-01-02",2002
"2002-01-03",2002
"2002-01-04",2002
"2002-01-05",2002
"2002-01-06",2002
"2002-01-07",2002
"2002-01-08",2002
"2002-01-09",2002
"2002-01-10",2002
"2002-01-11",2002
"2002-01-12",2002
"2002-01-13",2002
"2002-01-14",2002
"2002-01-15",2002
"2002-01-16",2002
"2002-01-17",2002
"2002-01-18",2002
"2002-01-19",2002
"2002-01-21",2002
"2002-01-22",2002
"2002-01-23",2002
"2002-01-24",2002
"2002-01-25",2002
"2002-01-26",2002
"2002-01-27",2002
"2002-01-28",2002
"2002-01-29",2002
"2002-01-30",2002
"2002-01-31",2002
"2002-02-01",2002
"2002-02-02",2002
"2002-02-03",2002
"2002-02-04",2002
"2002-02-05",2002
"2002-02-06",2002
"2002-02-07",2002
"2002-02-12",2002
"2002-02-13",2002
"2002-02-14",2002
"2002-02-15",2002
"2002-02-16",2002
"2002-02-17",2002
"2002-02-18",2002
"2002-02-19",2002
"2002-02-20",2002
"2002-02-21",2002
"2002-02-22",2002
"2002-02-23",2002
"2002-02-24",2002
"2002-02-25",2002
"2002-02-26",2002
"2002-02-27",2002
"2002-02-28",2002
"2002-03-01",2002
"2002-03-02",2002
"2002-03-03",2002
"2002-03-04",2002
"2002-03-05",2002
"2002-03-06",2002
"2002-03-07",2002
"2002-03-08",2002
"2002-03-09",2002
"2002-03-10",2002
"2002-03-11",2002
"2002-03-12",2002
"2002-03-13",2002
"2002-03-14",2002
"2002-03-15",2002
"2002-03-16",2002
"2002-03-17",2002
"2002-03-18",2002
"2002-03-19",2002
"2002-03-20",2002
"2002-03-21",2002
"2002-03-22",2002
"2002-03-23",2002
"2002-03-24",2002
"2002-03-25",2002
"2002-03-26",2002
"2002-03-27",2002
"2002-03-28",2002
"2002-03-29",2002
"2002-03-30",2002
"2002-03-31",2002
"2002-04-02",2002
"2002-04-03",2002
"2002-04-04",2002
"2002-04-05",2002
"2002-04-06",2002
"2002-04-07",2002
"2002-04-08",2002
"2002-04-09",2002
"2002-04-10",2002
"2002-04-11",2002
"2002-04-12",2002
"2002-04-13",2002
"2002-04-14",2002
"2002-04-15",2002
"2002-04-16",2002
"2002-04-17",2002
"2002-10-29",2003
"2002-10-30",2003
"2002-10-31",2003
"2002-11-01",2003
"2002-11-02",2003
"2002-11-03",2003
"2002-11-04",2003
"2002-11-05",2003
"2002-11-06",2003
"2002-11-07",2003
"2002-11-08",2003
"2002-11-09",2003
"2002-11-10",2003
"2002-11-11",2003
"2002-11-12",2003
"2002-11-13",2003
"2002-11-14",2003
"2002-11-15",2003
"2002-11-16",2003
"2002-11-17",2003
"2002-11-18",2003
"2002-11-19",2003
"2002-11-20",2003
"2002-11-21",2003
"2002-11-22",2003
"2002-11-23",2003
"2002-11-24",2003
"2002-11-25",2003
"2002-11-26",2003
"2002-11-27",2003
"2002-11-28",2003
"2002-11-29",2003
"2002-11-30",2003
"2002-12-01",2003
"2002-12-02",2003
"2002-12-03",2003
"2002-12-04",2003
"2002-12-05",2003
"2002-12-06",2003
"2002-12-07",2003
"2002-12-08",2003
"2002-12-09",2003
"2002-12-10",2003
"2002-12-11",2003
"2002-12-12",2003
"2002-12-13",2003
"2002-12-14",2003
"2002-12-15",2003
"2002-12-16",2003
"2002-12-17",2003
"2002-12-18",2003
"2002-12-19",2003
"2002-12-20",2003
"2002-12-21",2003
"2002-12-22",2003
"2002-12-23",2003
"2002-12-25",2003
"2002-12-26",2003
"2002-12-27",2003
"2002-12-28",2003
"2002-12-29",2003
"2002-12-30",2003
"2002-12-31",2003
"2003-01-01",2003
"2003-01-02",2003
"2003-01-03",2003
"2003-01-04",2003
"2003-01-05",2003
"2003-01-06",2003
"2003-01-07",2003
"2003-01-08",2003
"2003-01-09",2003
"2003-01-10",2003
"2003-01-11",2003
"2003-01-12",2003
"2003-01-13",2003
"2003-01-14",2003
"2003-01-15",2003
"2003-01-16",2003
"2003-01-17",2003
"2003-01-18",2003
"2003-01-19",2003
"2003-01-20",2003
"2003-01-21",2003
"2003-01-22",2003
"2003-01-23",2003
"2003-01-24",2003
"2003-01-25",2003
"2003-01-26",2003
"2003-01-27",2003
"2003-01-28",2003
"2003-01-29",2003
"2003-01-30",2003
"2003-01-31",2003
"2003-02-01",2003
"2003-02-02",2003
"2003-02-03",2003
"2003-02-04",2003
"2003-02-05",2003
"2003-02-06",2003
"2003-02-11",2003
"2003-02-12",2003
"2003-02-13",2003
"2003-02-14",2003
"2003-02-15",2003
"2003-02-16",2003
"2003-02-17",2003
"2003-02-18",2003
"2003-02-19",2003
"2003-02-20",2003
"2003-02-21",2003
"2003-02-22",2003
"2003-02-23",2003
"2003-02-24",2003
"2003-02-25",2003
"2003-02-26",2003
"2003-02-27",2003
"2003-02-28",2003
"2003-03-01",2003
"2003-03-02",2003
"2003-03-03",2003
"2003-03-04",2003
"2003-03-05",2003
"2003-03-06",2003
"2003-03-07",2003
"2003-03-08",2003
"2003-03-09",2003
"2003-03-10",2003
"2003-03-11",2003
"2003-03-12",2003
"2003-03-13",2003
"2003-03-14",2003
"2003-03-15",2003
"2003-03-16",2003
"2003-03-17",2003
"2003-03-18",2003
"2003-03-19",2003
"2003-03-20",2003
"2003-03-21",2003
"2003-03-22",2003
"2003-03-23",2003
"2003-03-24",2003
"2003-03-25",2003
"2003-03-26",2003
"2003-03-27",2003
"2003-03-28",2003
"2003-03-29",2003
"2003-03-30",2003
"2003-03-31",2003
"2003-04-01",2003
"2003-04-02",2003
"2003-04-03",2003
"2003-04-04",2003
"2003-04-05",2003
"2003-04-06",2003
"2003-04-08",2003
"2003-04-09",2003
"2003-04-10",2003
"2003-04-11",2003
"2003-04-12",2003
"2003-04-13",2003
"2003-04-14",2003
"2003-04-15",2003
"2003-04-16",2003
"2003-10-28",2004
"2003-10-29",2004
"2003-10-30",2004
"2003-10-31",2004
"2003-11-01",2004
"2003-11-02",2004
"2003-11-03",2004
"2003-11-04",2004
"2003-11-05",2004
"2003-11-06",2004
"2003-11-07",2004
"2003-11-08",2004
"2003-11-09",2004
"2003-11-10",2004
"2003-11-11",2004
"2003-11-12",2004
"2003-11-13",2004
"2003-11-14",2004
"2003-11-15",2004
"2003-11-16",2004
"2003-11-17",2004
"2003-11-18",2004
"2003-11-19",2004
"2003-11-20",2004
"2003-11-21",2004
"2003-11-22",2004
"2003-11-23",2004
"2003-11-24",2004
"2003-11-25",2004
"2003-11-26",2004
"2003-11-27",2004
"2003-11-28",2004
"2003-11-29",2004
"2003-11-30",2004
"2003-12-01",2004
"2003-12-02",2004
"2003-12-03",2004
"2003-12-04",2004
"2003-12-05",2004
"2003-12-06",2004
"2003-12-07",2004
"2003-12-08",2004
"2003-12-09",2004
"2003-12-10",2004
"2003-12-11",2004
"2003-12-12",2004
"2003-12-13",2004
"2003-12-14",2004
"2003-12-15",2004
"2003-12-16",2004
"2003-12-17",2004
"2003-12-18",2004
"2003-12-19",2004
"2003-12-20",2004
"2003-12-21",2004
"2003-12-22",2004
"2003-12-23",2004
"2003-12-25",2004
"2003-12-26",2004
"2003-12-27",2004
"2003-12-28",2004
"2003-12-29",2004
"2003-12-30",2004
"2003-12-31",2004
"2004-01-02",2004
"2004-01-03",2004
"2004-01-04",2004
"2004-01-05",2004
"2004-01-06",2004
"2004-01-07",2004
"2004-01-08",2004
"2004-01-09",2004
"2004-01-10",2004
"2004-01-11",2004
"2004-01-12",2004
"2004-01-13",2004
"2004-01-14",2004
"2004-01-15",2004
"2004-01-16",2004
"2004-01-17",2004
"2004-01-18",2004
"2004-01-19",2004
"2004-01-20",2004
"2004-01-21",2004
"2004-01-22",2004
"2004-01-23",2004
"2004-01-24",2004
"2004-01-25",2004
"2004-01-26",2004
"2004-01-27",2004
"2004-01-28",2004
"2004-01-29",2004
"2004-01-30",2004
"2004-01-31",2004
"2004-02-01",2004
"2004-02-02",2004
"2004-02-03",2004
"2004-02-04",2004
"2004-02-05",2004
"2004-02-06",2004
"2004-02-07",2004
"2004-02-08",2004
"2004-02-09",2004
"2004-02-10",2004
"2004-02-11",2004
"2004-02-12",2004
"2004-02-17",2004
"2004-02-18",2004
"2004-02-19",2004
"2004-02-20",2004
"2004-02-21",2004
"2004-02-22",2004
"2004-02-23",2004
"2004-02-24",2004
"2004-02-25",2004
"2004-02-26",2004
"2004-02-27",2004
"2004-02-28",2004
"2004-02-29",2004
"2004-03-01",2004
"2004-03-02",2004
"2004-03-03",2004
"2004-03-04",2004
"2004-03-05",2004
"2004-03-06",2004
"2004-03-07",2004
"2004-03-08",2004
"2004-03-09",2004
"2004-03-10",2004
"2004-03-11",2004
"2004-03-12",2004
"2004-03-13",2004
"2004-03-14",2004
"2004-03-15",2004
"2004-03-16",2004
"2004-03-17",2004
"2004-03-18",2004
"2004-03-19",2004
"2004-03-20",2004
"2004-03-21",2004
"2004-03-22",2004
"2004-03-23",2004
"2004-03-24",2004
"2004-03-25",2004
"2004-03-26",2004
"2004-03-27",2004
"2004-03-28",2004
"2004-03-29",2004
"2004-03-30",2004
"2004-03-31",2004
"2004-04-01",2004
"2004-04-02",2004
"2004-04-03",2004
"2004-04-04",2004
"2004-04-05",2004
"2004-04-06",2004
"2004-04-07",2004
"2004-04-08",2004
"2004-04-09",2004
"2004-04-10",2004
"2004-04-11",2004
"2004-04-12",2004
"2004-04-13",2004
"2004-04-14",2004
"2004-11-02",2005
"2004-11-03",2005
"2004-11-04",2005
"2004-11-05",2005
"2004-11-06",2005
"2004-11-07",2005
"2004-11-08",2005
"2004-11-09",2005
"2004-11-10",2005
"2004-11-11",2005
"2004-11-12",2005
"2004-11-13",2005
"2004-11-14",2005
"2004-11-15",2005
"2004-11-16",2005
"2004-11-17",2005
"2004-11-18",2005
"2004-11-19",2005
"2004-11-20",2005
"2004-11-21",2005
"2004-11-22",2005
"2004-11-23",2005
"2004-11-24",2005
"2004-11-25",2005
"2004-11-26",2005
"2004-11-27",2005
"2004-11-28",2005
"2004-11-29",2005
"2004-11-30",2005
"2004-12-01",2005
"2004-12-02",2005
"2004-12-03",2005
"2004-12-04",2005
"2004-12-05",2005
"2004-12-06",2005
"2004-12-07",2005
"2004-12-08",2005
"2004-12-09",2005
"2004-12-10",2005
"2004-12-11",2005
"2004-12-12",2005
"2004-12-13",2005
"2004-12-14",2005
"2004-12-15",2005
"2004-12-16",2005
"2004-12-17",2005
"2004-12-18",2005
"2004-12-19",2005
"2004-12-20",2005
"2004-12-21",2005
"2004-12-22",2005
"2004-12-23",2005
"2004-12-25",2005
"2004-12-26",2005
"2004-12-27",2005
"2004-12-28",2005
"2004-12-29",2005
"2004-12-30",2005
"2004-12-31",2005
"2005-01-01",2005
"2005-01-02",2005
"2005-01-03",2005
"2005-01-04",2005
"2005-01-05",2005
"2005-01-06",2005
"2005-01-07",2005
"2005-01-08",2005
"2005-01-09",2005
"2005-01-10",2005
"2005-01-11",2005
"2005-01-12",2005
"2005-01-13",2005
"2005-01-14",2005
"2005-01-15",2005
"2005-01-16",2005
"2005-01-17",2005
"2005-01-18",2005
"2005-01-19",2005
"2005-01-20",2005
"2005-01-21",2005
"2005-01-22",2005
"2005-01-23",2005
"2005-01-24",2005
"2005-01-25",2005
"2005-01-26",2005
"2005-01-27",2005
"2005-01-28",2005
"2005-01-29",2005
"2005-01-30",2005
"2005-01-31",2005
"2005-02-01",2005
"2005-02-02",2005
"2005-02-03",2005
"2005-02-04",2005
"2005-02-05",2005
"2005-02-06",2005
"2005-02-07",2005
"2005-02-08",2005
"2005-02-09",2005
"2005-02-10",2005
"2005-02-11",2005
"2005-02-12",2005
"2005-02-13",2005
"2005-02-14",2005
"2005-02-15",2005
"2005-02-16",2005
"2005-02-17",2005
"2005-02-22",2005
"2005-02-23",2005
"2005-02-24",2005
"2005-02-25",2005
"2005-02-26",2005
"2005-02-27",2005
"2005-02-28",2005
"2005-03-01",2005
"2005-03-02",2005
"2005-03-03",2005
"2005-03-04",2005
"2005-03-05",2005
"2005-03-06",2005
"2005-03-07",2005
"2005-03-08",2005
"2005-03-09",2005
"2005-03-10",2005
"2005-03-11",2005
"2005-03-12",2005
"2005-03-13",2005
"2005-03-14",2005
"2005-03-15",2005
"2005-03-16",2005
"2005-03-17",2005
"2005-03-18",2005
"2005-03-19",2005
"2005-03-20",2005
"2005-03-21",2005
"2005-03-22",2005
"2005-03-23",2005
"2005-03-24",2005
"2005-03-25",2005
"2005-03-26",2005
"2005-03-27",2005
"2005-03-28",2005
"2005-03-29",2005
"2005-03-30",2005
"2005-03-31",2005
"2005-04-01",2005
"2005-04-02",2005
"2005-04-03",2005
"2005-04-05",2005
"2005-04-06",2005
"2005-04-07",2005
"2005-04-08",2005
"2005-04-09",2005
"2005-04-10",2005
"2005-04-11",2005
"2005-04-12",2005
"2005-04-13",2005
"2005-04-14",2005
"2005-04-15",2005
"2005-04-16",2005
"2005-04-17",2005
"2005-04-18",2005
"2005-04-19",2005
"2005-04-20",2005
"2005-11-01",2006
"2005-11-02",2006
"2005-11-03",2006
"2005-11-04",2006
"2005-11-05",2006
"2005-11-06",2006
"2005-11-07",2006
"2005-11-08",2006
"2005-11-09",2006
"2005-11-10",2006
"2005-11-11",2006
"2005-11-12",2006
"2005-11-13",2006
"2005-11-14",2006
"2005-11-15",2006
"2005-11-16",2006
"2005-11-17",2006
"2005-11-18",2006
"2005-11-19",2006
"2005-11-20",2006
"2005-11-21",2006
"2005-11-22",2006
"2005-11-23",2006
"2005-11-24",2006
"2005-11-25",2006
"2005-11-26",2006
"2005-11-27",2006
"2005-11-28",2006
"2005-11-29",2006
"2005-11-30",2006
"2005-12-01",2006
"2005-12-02",2006
"2005-12-03",2006
"2005-12-04",2006
"2005-12-05",2006
"2005-12-06",2006
"2005-12-07",2006
"2005-12-08",2006
"2005-12-09",2006
"2005-12-10",2006
"2005-12-11",2006
"2005-12-12",2006
"2005-12-13",2006
"2005-12-14",2006
"2005-12-15",2006
"2005-12-16",2006
"2005-12-17",2006
"2005-12-18",2006
"2005-12-19",2006
"2005-12-20",2006
"2005-12-21",2006
"2005-12-22",2006
"2005-12-23",2006
"2005-12-25",2006
"2005-12-26",2006
"2005-12-27",2006
"2005-12-28",2006
"2005-12-29",2006
"2005-12-30",2006
"2005-12-31",2006
"2006-01-01",2006
"2006-01-02",2006
"2006-01-03",2006
"2006-01-04",2006
"2006-01-05",2006
"2006-01-06",2006
"2006-01-07",2006
"2006-01-08",2006
"2006-01-09",2006
"2006-01-10",2006
"2006-01-11",2006
"2006-01-12",2006
"2006-01-13",2006
"2006-01-14",2006
"2006-01-15",2006
"2006-01-16",2006
"2006-01-17",2006
"2006-01-18",2006
"2006-01-19",2006
"2006-01-20",2006
"2006-01-21",2006
"2006-01-22",2006
"2006-01-23",2006
"2006-01-24",2006
"2006-01-25",2006
"2006-01-26",2006
"2006-01-27",2006
"2006-01-28",2006
"2006-01-29",2006
"2006-01-30",2006
"2006-01-31",2006
"2006-02-01",2006
"2006-02-02",2006
"2006-02-03",2006
"2006-02-04",2006
"2006-02-05",2006
"2006-02-06",2006
"2006-02-07",2006
"2006-02-08",2006
"2006-02-09",2006
"2006-02-10",2006
"2006-02-11",2006
"2006-02-12",2006
"2006-02-13",2006
"2006-02-14",2006
"2006-02-15",2006
"2006-02-16",2006
"2006-02-21",2006
"2006-02-22",2006
"2006-02-23",2006
"2006-02-24",2006
"2006-02-25",2006
"2006-02-26",2006
"2006-02-27",2006
"2006-02-28",2006
"2006-03-01",2006
"2006-03-02",2006
"2006-03-03",2006
"2006-03-04",2006
"2006-03-05",2006
"2006-03-06",2006
"2006-03-07",2006
"2006-03-08",2006
"2006-03-09",2006
"2006-03-10",2006
"2006-03-11",2006
"2006-03-12",2006
"2006-03-13",2006
"2006-03-14",2006
"2006-03-15",2006
"2006-03-16",2006
"2006-03-17",2006
"2006-03-18",2006
"2006-03-19",2006
"2006-03-20",2006
"2006-03-21",2006
"2006-03-22",2006
"2006-03-23",2006
"2006-03-24",2006
"2006-03-25",2006
"2006-03-26",2006
"2006-03-27",2006
"2006-03-28",2006
"2006-03-29",2006
"2006-03-30",2006
"2006-03-31",2006
"2006-04-01",2006
"2006-04-02",2006
"2006-04-04",2006
"2006-04-05",2006
"2006-04-06",2006
"2006-04-07",2006
"2006-04-08",2006
"2006-04-09",2006
"2006-04-10",2006
"2006-04-11",2006
"2006-04-12",2006
"2006-04-13",2006
"2006-04-14",2006
"2006-04-15",2006
"2006-04-16",2006
"2006-04-17",2006
"2006-04-18",2006
"2006-04-19",2006
"2006-10-31",2007
"2006-11-01",2007
"2006-11-02",2007
"2006-11-03",2007
"2006-11-04",2007
"2006-11-05",2007
"2006-11-06",2007
"2006-11-07",2007
"2006-11-08",2007
"2006-11-09",2007
"2006-11-10",2007
"2006-11-11",2007
"2006-11-12",2007
"2006-11-13",2007
"2006-11-14",2007
"2006-11-15",2007
"2006-11-16",2007
"2006-11-17",2007
"2006-11-18",2007
"2006-11-19",2007
"2006-11-20",2007
"2006-11-21",2007
"2006-11-22",2007
"2006-11-24",2007
"2006-11-25",2007
"2006-11-26",2007
"2006-11-27",2007
"2006-11-28",2007
"2006-11-29",2007
"2006-11-30",2007
"2006-12-01",2007
"2006-12-02",2007
"2006-12-03",2007
"2006-12-04",2007
"2006-12-05",2007
"2006-12-06",2007
"2006-12-07",2007
"2006-12-08",2007
"2006-12-09",2007
"2006-12-10",2007
"2006-12-11",2007
"2006-12-12",2007
"2006-12-13",2007
"2006-12-14",2007
"2006-12-15",2007
"2006-12-16",2007
"2006-12-17",2007
"2006-12-18",2007
"2006-12-19",2007
"2006-12-20",2007
"2006-12-21",2007
"2006-12-22",2007
"2006-12-23",2007
"2006-12-25",2007
"2006-12-26",2007
"2006-12-27",2007
"2006-12-28",2007
"2006-12-29",2007
"2006-12-30",2007
"2006-12-31",2007
"2007-01-01",2007
"2007-01-02",2007
"2007-01-03",2007
"2007-01-04",2007
"2007-01-05",2007
"2007-01-06",2007
"2007-01-07",2007
"2007-01-08",2007
"2007-01-09",2007
"2007-01-10",2007
"2007-01-11",2007
"2007-01-12",2007
"2007-01-13",2007
"2007-01-14",2007
"2007-01-15",2007
"2007-01-16",2007
"2007-01-17",2007
"2007-01-18",2007
"2007-01-19",2007
"2007-01-20",2007
"2007-01-21",2007
"2007-01-22",2007
"2007-01-23",2007
"2007-01-24",2007
"2007-01-25",2007
"2007-01-26",2007
"2007-01-27",2007
"2007-01-28",2007
"2007-01-29",2007
"2007-01-30",2007
"2007-01-31",2007
"2007-02-01",2007
"2007-02-02",2007
"2007-02-03",2007
"2007-02-04",2007
"2007-02-05",2007
"2007-02-06",2007
"2007-02-07",2007
"2007-02-08",2007
"2007-02-09",2007
"2007-02-10",2007
"2007-02-11",2007
"2007-02-12",2007
"2007-02-13",2007
"2007-02-14",2007
"2007-02-15",2007
"2007-02-20",2007
"2007-02-21",2007
"2007-02-22",2007
"2007-02-23",2007
"2007-02-24",2007
"2007-02-25",2007
"2007-02-26",2007
"2007-02-27",2007
"2007-02-28",2007
"2007-03-01",2007
"2007-03-02",2007
"2007-03-03",2007
"2007-03-04",2007
"2007-03-05",2007
"2007-03-06",2007
"2007-03-07",2007
"2007-03-08",2007
"2007-03-09",2007
"2007-03-10",2007
"2007-03-11",2007
"2007-03-12",2007
"2007-03-13",2007
"2007-03-14",2007
"2007-03-15",2007
"2007-03-16",2007
"2007-03-17",2007
"2007-03-18",2007
"2007-03-19",2007
"2007-03-20",2007
"2007-03-21",2007
"2007-03-22",2007
"2007-03-23",2007
"2007-03-24",2007
"2007-03-25",2007
"2007-03-26",2007
"2007-03-27",2007
"2007-03-28",2007
"2007-03-29",2007
"2007-03-30",2007
"2007-03-31",2007
"2007-04-01",2007
"2007-04-03",2007
"2007-04-04",2007
"2007-04-05",2007
"2007-04-06",2007
"2007-04-07",2007
"2007-04-08",2007
"2007-04-09",2007
"2007-04-10",2007
"2007-04-11",2007
"2007-04-12",2007
"2007-04-13",2007
"2007-04-14",2007
"2007-04-15",2007
"2007-04-16",2007
"2007-04-17",2007
"2007-04-18",2007
"2007-10-30",2008
"2007-10-31",2008
"2007-11-01",2008
"2007-11-02",2008
"2007-11-03",2008
"2007-11-04",2008
"2007-11-05",2008
"2007-11-06",2008
"2007-11-07",2008
"2007-11-08",2008
"2007-11-09",2008
"2007-11-10",2008
"2007-11-11",2008
"2007-11-12",2008
"2007-11-13",2008
"2007-11-14",2008
"2007-11-15",2008
"2007-11-16",2008
"2007-11-17",2008
"2007-11-18",2008
"2007-11-19",2008
"2007-11-20",2008
"2007-11-21",2008
"2007-11-23",2008
"2007-11-24",2008
"2007-11-25",2008
"2007-11-26",2008
"2007-11-27",2008
"2007-11-28",2008
"2007-11-29",2008
"2007-11-30",2008
"2007-12-01",2008
"2007-12-02",2008
"2007-12-03",2008
"2007-12-04",2008
"2007-12-05",2008
"2007-12-06",2008
"2007-12-07",2008
"2007-12-08",2008
"2007-12-09",2008
"2007-12-10",2008
"2007-12-11",2008
"2007-12-12",2008
"2007-12-13",2008
"2007-12-14",2008
"2007-12-15",2008
"2007-12-16",2008
"2007-12-17",2008
"2007-12-18",2008
"2007-12-19",2008
"2007-12-20",2008
"2007-12-21",2008
"2007-12-22",2008
"2007-12-23",2008
"2007-12-25",2008
"2007-12-26",2008
"2007-12-27",2008
"2007-12-28",2008
"2007-12-29",2008
"2007-12-30",2008
"2007-12-31",2008
"2008-01-02",2008
"2008-01-03",2008
"2008-01-04",2008
"2008-01-05",2008
"2008-01-06",2008
"2008-01-07",2008
"2008-01-08",2008
"2008-01-09",2008
"2008-01-10",2008
"2008-01-11",2008
"2008-01-12",2008
"2008-01-13",2008
"2008-01-14",2008
"2008-01-15",2008
"2008-01-16",2008
"2008-01-17",2008
"2008-01-18",2008
"2008-01-19",2008
"2008-01-20",2008
"2008-01-21",2008
"2008-01-22",2008
"2008-01-23",2008
"2008-01-24",2008
"2008-01-25",2008
"2008-01-26",2008
"2008-01-27",2008
"2008-01-28",2008
"2008-01-29",2008
"2008-01-30",2008
"2008-01-31",2008
"2008-02-01",2008
"2008-02-02",2008
"2008-02-03",2008
"2008-02-04",2008
"2008-02-05",2008
"2008-02-06",2008
"2008-02-07",2008
"2008-02-08",2008
"2008-02-09",2008
"2008-02-10",2008
"2008-02-11",2008
"2008-02-12",2008
"2008-02-13",2008
"2008-02-14",2008
"2008-02-19",2008
"2008-02-20",2008
"2008-02-21",2008
"2008-02-22",2008
"2008-02-23",2008
"2008-02-24",2008
"2008-02-25",2008
"2008-02-26",2008
"2008-02-27",2008
"2008-02-28",2008
"2008-02-29",2008
"2008-03-01",2008
"2008-03-02",2008
"2008-03-03",2008
"2008-03-04",2008
"2008-03-05",2008
"2008-03-06",2008
"2008-03-07",2008
"2008-03-08",2008
"2008-03-09",2008
"2008-03-10",2008
"2008-03-11",2008
"2008-03-12",2008
"2008-03-13",2008
"2008-03-14",2008
"2008-03-15",2008
"2008-03-16",2008
"2008-03-17",2008
"2008-03-18",2008
"2008-03-19",2008
"2008-03-20",2008
"2008-03-21",2008
"2008-03-22",2008
"2008-03-23",2008
"2008-03-24",2008
"2008-03-25",2008
"2008-03-26",2008
"2008-03-27",2008
"2008-03-28",2008
"2008-03-29",2008
"2008-03-30",2008
"2008-03-31",2008
"2008-04-01",2008
"2008-04-02",2008
"2008-04-03",2008
"2008-04-04",2008
"2008-04-05",2008
"2008-04-06",2008
"2008-04-08",2008
"2008-04-09",2008
"2008-04-10",2008
"2008-04-11",2008
"2008-04-12",2008
"2008-04-13",2008
"2008-04-14",2008
"2008-04-15",2008
"2008-04-16",2008
"2008-10-28",2009
"2008-10-29",2009
"2008-10-30",2009
"2008-10-31",2009
"2008-11-01",2009
"2008-11-02",2009
"2008-11-03",2009
"2008-11-04",2009
"2008-11-05",2009
"2008-11-06",2009
"2008-11-07",2009
"2008-11-08",2009
"2008-11-09",2009
"2008-11-10",2009
"2008-11-11",2009
"2008-11-12",2009
"2008-11-13",2009
"2008-11-14",2009
"2008-11-15",2009
"2008-11-16",2009
"2008-11-17",2009
"2008-11-18",2009
"2008-11-19",2009
"2008-11-20",2009
"2008-11-21",2009
"2008-11-22",2009
"2008-11-23",2009
"2008-11-24",2009
"2008-11-25",2009
"2008-11-26",2009
"2008-11-27",2009
"2008-11-28",2009
"2008-11-29",2009
"2008-11-30",2009
"2008-12-01",2009
"2008-12-02",2009
"2008-12-03",2009
"2008-12-04",2009
"2008-12-05",2009
"2008-12-06",2009
"2008-12-07",2009
"2008-12-08",2009
"2008-12-09",2009
"2008-12-10",2009
"2008-12-11",2009
"2008-12-12",2009
"2008-12-13",2009
"2008-12-14",2009
"2008-12-15",2009
"2008-12-16",2009
"2008-12-17",2009
"2008-12-18",2009
"2008-12-19",2009
"2008-12-20",2009
"2008-12-21",2009
"2008-12-22",2009
"2008-12-23",2009
"2008-12-25",2009
"2008-12-26",2009
"2008-12-27",2009
"2008-12-28",2009
"2008-12-29",2009
"2008-12-30",2009
"2008-12-31",2009
"2009-01-02",2009
"2009-01-03",2009
"2009-01-04",2009
"2009-01-05",2009
"2009-01-06",2009
"2009-01-07",2009
"2009-01-08",2009
"2009-01-09",2009
"2009-01-10",2009
"2009-01-11",2009
"2009-01-12",2009
"2009-01-13",2009
"2009-01-14",2009
"2009-01-15",2009
"2009-01-16",2009
"2009-01-17",2009
"2009-01-18",2009
"2009-01-19",2009
"2009-01-20",2009
"2009-01-21",2009
"2009-01-22",2009
"2009-01-23",2009
"2009-01-24",2009
"2009-01-25",2009
"2009-01-26",2009
"2009-01-27",2009
"2009-01-28",2009
"2009-01-29",2009
"2009-01-30",2009
"2009-01-31",2009
"2009-02-01",2009
"2009-02-02",2009
"2009-02-03",2009
"2009-02-04",2009
"2009-02-05",2009
"2009-02-06",2009
"2009-02-07",2009
"2009-02-08",2009
"2009-02-09",2009
"2009-02-10",2009
"2009-02-11",2009
"2009-02-12",2009
"2009-02-17",2009
"2009-02-18",2009
"2009-02-19",2009
"2009-02-20",2009
"2009-02-21",2009
"2009-02-22",2009
"2009-02-23",2009
"2009-02-24",2009
"2009-02-25",2009
"2009-02-26",2009
"2009-02-27",2009
"2009-02-28",2009
"2009-03-01",2009
"2009-03-02",2009
"2009-03-03",2009
"2009-03-04",2009
"2009-03-05",2009
"2009-03-06",2009
"2009-03-07",2009
"2009-03-08",2009
"2009-03-09",2009
"2009-03-10",2009
"2009-03-11",2009
"2009-03-12",2009
"2009-03-13",2009
"2009-03-14",2009
"2009-03-15",2009
"2009-03-16",2009
"2009-03-17",2009
"2009-03-18",2009
"2009-03-19",2009
"2009-03-20",2009
"2009-03-21",2009
"2009-03-22",2009
"2009-03-23",2009
"2009-03-24",2009
"2009-03-25",2009
"2009-03-26",2009
"2009-03-27",2009
"2009-03-28",2009
"2009-03-29",2009
"2009-03-30",2009
"2009-03-31",2009
"2009-04-01",2009
"2009-04-02",2009
"2009-04-03",2009
"2009-04-04",2009
"2009-04-05",2009
"2009-04-07",2009
"2009-04-08",2009
"2009-04-09",2009
"2009-04-10",2009
"2009-04-11",2009
"2009-04-12",2009
"2009-04-13",2009
"2009-04-14",2009
"2009-04-15",2009
"2009-10-27",2010
"2009-10-28",2010
"2009-10-29",2010
"2009-10-30",2010
"2009-10-31",2010
"2009-11-01",2010
"2009-11-02",2010
"2009-11-03",2010
"2009-11-04",2010
"2009-11-05",2010
"2009-11-06",2010
"2009-11-07",2010
"2009-11-08",2010
"2009-11-09",2010
"2009-11-10",2010
"2009-11-11",2010
"2009-11-12",2010
"2009-11-13",2010
"2009-11-14",2010
"2009-11-15",2010
"2009-11-16",2010
"2009-11-17",2010
"2009-11-18",2010
"2009-11-19",2010
"2009-11-20",2010
"2009-11-21",2010
"2009-11-22",2010
"2009-11-23",2010
"2009-11-24",2010
"2009-11-25",2010
"2009-11-26",2010
"2009-11-27",2010
"2009-11-28",2010
"2009-11-29",2010
"2009-11-30",2010
"2009-12-01",2010
"2009-12-02",2010
"2009-12-03",2010
"2009-12-04",2010
"2009-12-05",2010
"2009-12-06",2010
"2009-12-07",2010
"2009-12-08",2010
"2009-12-09",2010
"2009-12-10",2010
"2009-12-11",2010
"2009-12-12",2010
"2009-12-13",2010
"2009-12-14",2010
"2009-12-15",2010
"2009-12-16",2010
"2009-12-17",2010
"2009-12-18",2010
"2009-12-19",2010
"2009-12-20",2010
"2009-12-21",2010
"2009-12-22",2010
"2009-12-23",2010
"2009-12-25",2010
"2009-12-26",2010
"2009-12-27",2010
"2009-12-28",2010
"2009-12-29",2010
"2009-12-30",2010
"2009-12-31",2010
"2010-01-01",2010
"2010-01-02",2010
"2010-01-03",2010
"2010-01-04",2010
"2010-01-05",2010
"2010-01-06",2010
"2010-01-07",2010
"2010-01-08",2010
"2010-01-09",2010
"2010-01-10",2010
"2010-01-11",2010
"2010-01-12",2010
"2010-01-13",2010
"2010-01-14",2010
"2010-01-15",2010
"2010-01-16",2010
"2010-01-17",2010
"2010-01-18",2010
"2010-01-19",2010
"2010-01-20",2010
"2010-01-21",2010
"2010-01-22",2010
"2010-01-23",2010
"2010-01-24",2010
"2010-01-25",2010
"2010-01-26",2010
"2010-01-27",2010
"2010-01-28",2010
"2010-01-29",2010
"2010-01-30",2010
"2010-01-31",2010
"2010-02-01",2010
"2010-02-02",2010
"2010-02-03",2010
"2010-02-04",2010
"2010-02-05",2010
"2010-02-06",2010
"2010-02-07",2010
"2010-02-08",2010
"2010-02-09",2010
"2010-02-10",2010
"2010-02-11",2010
"2010-02-16",2010
"2010-02-17",2010
"2010-02-18",2010
"2010-02-19",2010
"2010-02-20",2010
"2010-02-21",2010
"2010-02-22",2010
"2010-02-23",2010
"2010-02-24",2010
"2010-02-25",2010
"2010-02-26",2010
"2010-02-27",2010
"2010-02-28",2010
"2010-03-01",2010
"2010-03-02",2010
"2010-03-03",2010
"2010-03-04",2010
"2010-03-05",2010
"2010-03-06",2010
"2010-03-07",2010
"2010-03-08",2010
"2010-03-09",2010
"2010-03-10",2010
"2010-03-11",2010
"2010-03-12",2010
"2010-03-13",2010
"2010-03-14",2010
"2010-03-15",2010
"2010-03-16",2010
"2010-03-17",2010
"2010-03-18",2010
"2010-03-19",2010
"2010-03-20",2010
"2010-03-21",2010
"2010-03-22",2010
"2010-03-23",2010
"2010-03-24",2010
"2010-03-25",2010
"2010-03-26",2010
"2010-03-27",2010
"2010-03-28",2010
"2010-03-29",2010
"2010-03-30",2010
"2010-03-31",2010
"2010-04-01",2010
"2010-04-02",2010
"2010-04-03",2010
"2010-04-04",2010
"2010-04-06",2010
"2010-04-07",2010
"2010-04-08",2010
"2010-04-09",2010
"2010-04-10",2010
"2010-04-11",2010
"2010-04-12",2010
"2010-04-13",2010
"2010-04-14",2010
"2010-10-26",2011
"2010-10-27",2011
"2010-10-28",2011
"2010-10-29",2011
"2010-10-30",2011
"2010-10-31",2011
"2010-11-01",2011
"2010-11-02",2011
"2010-11-03",2011
"2010-11-04",2011
"2010-11-05",2011
"2010-11-06",2011
"2010-11-07",2011
"2010-11-08",2011
"2010-11-09",2011
"2010-11-10",2011
"2010-11-11",2011
"2010-11-12",2011
"2010-11-13",2011
"2010-11-14",2011
"2010-11-15",2011
"2010-11-16",2011
"2010-11-17",2011
"2010-11-18",2011
"2010-11-19",2011
"2010-11-20",2011
"2010-11-21",2011
"2010-11-22",2011
"2010-11-23",2011
"2010-11-24",2011
"2010-11-25",2011
"2010-11-26",2011
"2010-11-27",2011
"2010-11-28",2011
"2010-11-29",2011
"2010-11-30",2011
"2010-12-01",2011
"2010-12-02",2011
"2010-12-03",2011
"2010-12-04",2011
"2010-12-05",2011
"2010-12-06",2011
"2010-12-07",2011
"2010-12-08",2011
"2010-12-09",2011
"2010-12-10",2011
"2010-12-11",2011
"2010-12-12",2011
"2010-12-13",2011
"2010-12-14",2011
"2010-12-15",2011
"2010-12-16",2011
"2010-12-17",2011
"2010-12-18",2011
"2010-12-19",2011
"2010-12-20",2011
"2010-12-21",2011
"2010-12-22",2011
"2010-12-23",2011
"2010-12-25",2011
"2010-12-26",2011
"2010-12-27",2011
"2010-12-28",2011
"2010-12-29",2011
"2010-12-30",2011
"2010-12-31",2011
"2011-01-01",2011
"2011-01-02",2011
"2011-01-03",2011
"2011-01-04",2011
"2011-01-05",2011
"2011-01-06",2011
"2011-01-07",2011
"2011-01-08",2011
"2011-01-09",2011
"2011-01-10",2011
"2011-01-11",2011
"2011-01-12",2011
"2011-01-13",2011
"2011-01-14",2011
"2011-01-15",2011
"2011-01-16",2011
"2011-01-17",2011
"2011-01-18",2011
"2011-01-19",2011
"2011-01-20",2011
"2011-01-21",2011
"2011-01-22",2011
"2011-01-23",2011
"2011-01-24",2011
"2011-01-25",2011
"2011-01-26",2011
"2011-01-27",2011
"2011-01-28",2011
"2011-01-29",2011
"2011-01-30",2011
"2011-01-31",2011
"2011-02-01",2011
"2011-02-02",2011
"2011-02-03",2011
"2011-02-04",2011
"2011-02-05",2011
"2011-02-06",2011
"2011-02-07",2011
"2011-02-08",2011
"2011-02-09",2011
"2011-02-10",2011
"2011-02-11",2011
"2011-02-12",2011
"2011-02-13",2011
"2011-02-14",2011
"2011-02-15",2011
"2011-02-16",2011
"2011-02-17",2011
"2011-02-22",2011
"2011-02-23",2011
"2011-02-24",2011
"2011-02-25",2011
"2011-02-26",2011
"2011-02-27",2011
"2011-02-28",2011
"2011-03-01",2011
"2011-03-02",2011
"2011-03-03",2011
"2011-03-04",2011
"2011-03-05",2011
"2011-03-06",2011
"2011-03-07",2011
"2011-03-08",2011
"2011-03-09",2011
"2011-03-10",2011
"2011-03-11",2011
"2011-03-12",2011
"2011-03-13",2011
"2011-03-14",2011
"2011-03-15",2011
"2011-03-16",2011
"2011-03-17",2011
"2011-03-18",2011
"2011-03-19",2011
"2011-03-20",2011
"2011-03-21",2011
"2011-03-22",2011
"2011-03-23",2011
"2011-03-24",2011
"2011-03-25",2011
"2011-03-26",2011
"2011-03-27",2011
"2011-03-28",2011
"2011-03-29",2011
"2011-03-30",2011
"2011-03-31",2011
"2011-04-01",2011
"2011-04-02",2011
"2011-04-03",2011
"2011-04-05",2011
"2011-04-06",2011
"2011-04-07",2011
"2011-04-08",2011
"2011-04-09",2011
"2011-04-10",2011
"2011-04-11",2011
"2011-04-12",2011
"2011-04-13",2011
"2011-12-25",2012
"2011-12-26",2012
"2011-12-27",2012
"2011-12-28",2012
"2011-12-29",2012
"2011-12-30",2012
"2011-12-31",2012
"2012-01-01",2012
"2012-01-02",2012
"2012-01-03",2012
"2012-01-04",2012
"2012-01-05",2012
"2012-01-06",2012
"2012-01-07",2012
"2012-01-08",2012
"2012-01-09",2012
"2012-01-10",2012
"2012-01-11",2012
"2012-01-12",2012
"2012-01-13",2012
"2012-01-14",2012
"2012-01-15",2012
"2012-01-16",2012
"2012-01-17",2012
"2012-01-18",2012
"2012-01-19",2012
"2012-01-20",2012
"2012-01-21",2012
"2012-01-22",2012
"2012-01-23",2012
"2012-01-24",2012
"2012-01-25",2012
"2012-01-26",2012
"2012-01-27",2012
"2012-01-28",2012
"2012-01-29",2012
"2012-01-30",2012
"2012-01-31",2012
"2012-02-01",2012
"2012-02-02",2012
"2012-02-03",2012
"2012-02-04",2012
"2012-02-05",2012
"2012-02-06",2012
"2012-02-07",2012
"2012-02-08",2012
"2012-02-09",2012
"2012-02-10",2012
"2012-02-11",2012
"2012-02-12",2012
"2012-02-13",2012
"2012-02-14",2012
"2012-02-15",2012
"2012-02-16",2012
"2012-02-17",2012
"2012-02-18",2012
"2012-02-19",2012
"2012-02-20",2012
"2012-02-21",2012
"2012-02-22",2012
"2012-02-23",2012
"2012-02-28",2012
"2012-02-29",2012
"2012-03-01",2012
"2012-03-02",2012
"2012-03-03",2012
"2012-03-04",2012
"2012-03-05",2012
"2012-03-06",2012
"2012-03-07",2012
"2012-03-08",2012
"2012-03-09",2012
"2012-03-10",2012
"2012-03-11",2012
"2012-03-12",2012
"2012-03-13",2012
"2012-03-14",2012
"2012-03-15",2012
"2012-03-16",2012
"2012-03-17",2012
"2012-03-18",2012
"2012-03-19",2012
"2012-03-20",2012
"2012-03-21",2012
"2012-03-22",2012
"2012-03-23",2012
"2012-03-24",2012
"2012-03-25",2012
"2012-03-26",2012
"2012-03-27",2012
"2012-03-28",2012
"2012-03-29",2012
"2012-03-30",2012
"2012-03-31",2012
"2012-04-01",2012
"2012-04-02",2012
"2012-04-03",2012
"2012-04-04",2012
"2012-04-05",2012
"2012-04-06",2012
"2012-04-07",2012
"2012-04-08",2012
"2012-04-09",2012
"2012-04-10",2012
"2012-04-11",2012
"2012-04-12",2012
"2012-04-13",2012
"2012-04-14",2012
"2012-04-15",2012
"2012-04-16",2012
"2012-04-17",2012
"2012-04-18",2012
"2012-04-19",2012
"2012-04-20",2012
"2012-04-21",2012
"2012-04-22",2012
"2012-04-23",2012
"2012-04-24",2012
"2012-04-25",2012
"2012-04-26",2012
"2012-10-30",2013
"2012-10-31",2013
"2012-11-01",2013
"2012-11-02",2013
"2012-11-03",2013
"2012-11-04",2013
"2012-11-05",2013
"2012-11-06",2013
"2012-11-07",2013
"2012-11-08",2013
"2012-11-09",2013
"2012-11-10",2013
"2012-11-11",2013
"2012-11-12",2013
"2012-11-13",2013
"2012-11-14",2013
"2012-11-15",2013
"2012-11-16",2013
"2012-11-17",2013
"2012-11-18",2013
"2012-11-19",2013
"2012-11-20",2013
"2012-11-21",2013
"2012-11-23",2013
"2012-11-24",2013
"2012-11-25",2013
"2012-11-26",2013
"2012-11-27",2013
"2012-11-28",2013
"2012-11-29",2013
"2012-11-30",2013
"2012-12-01",2013
"2012-12-02",2013
"2012-12-03",2013
"2012-12-04",2013
"2012-12-05",2013
"2012-12-06",2013
"2012-12-07",2013
"2012-12-08",2013
"2012-12-09",2013
"2012-12-10",2013
"2012-12-11",2013
"2012-12-12",2013
"2012-12-13",2013
"2012-12-14",2013
"2012-12-15",2013
"2012-12-16",2013
"2012-12-17",2013
"2012-12-18",2013
"2012-12-19",2013
"2012-12-20",2013
"2012-12-21",2013
"2012-12-22",2013
"2012-12-23",2013
"2012-12-25",2013
"2012-12-26",2013
"2012-12-27",2013
"2012-12-28",2013
"2012-12-29",2013
"2012-12-30",2013
"2012-12-31",2013
"2013-01-01",2013
"2013-01-02",2013
"2013-01-03",2013
"2013-01-04",2013
"2013-01-05",2013
"2013-01-06",2013
"2013-01-07",2013
"2013-01-08",2013
"2013-01-09",2013
"2013-01-10",2013
"2013-01-11",2013
"2013-01-12",2013
"2013-01-13",2013
"2013-01-14",2013
"2013-01-15",2013
"2013-01-16",2013
"2013-01-17",2013
"2013-01-18",2013
"2013-01-19",2013
"2013-01-20",2013
"2013-01-21",2013
"2013-01-22",2013
"2013-01-23",2013
"2013-01-24",2013
"2013-01-25",2013
"2013-01-26",2013
"2013-01-27",2013
"2013-01-28",2013
"2013-01-29",2013
"2013-01-30",2013
"2013-01-31",2013
"2013-02-01",2013
"2013-02-02",2013
"2013-02-03",2013
"2013-02-04",2013
"2013-02-05",2013
"2013-02-06",2013
"2013-02-07",2013
"2013-02-08",2013
"2013-02-09",2013
"2013-02-10",2013
"2013-02-11",2013
"2013-02-12",2013
"2013-02-13",2013
"2013-02-14",2013
"2013-02-19",2013
"2013-02-20",2013
"2013-02-21",2013
"2013-02-22",2013
"2013-02-23",2013
"2013-02-24",2013
"2013-02-25",2013
"2013-02-26",2013
"2013-02-27",2013
"2013-02-28",2013
"2013-03-01",2013
"2013-03-02",2013
"2013-03-03",2013
"2013-03-04",2013
"2013-03-05",2013
"2013-03-06",2013
"2013-03-07",2013
"2013-03-08",2013
"2013-03-09",2013
"2013-03-10",2013
"2013-03-11",2013
"2013-03-12",2013
"2013-03-13",2013
"2013-03-14",2013
"2013-03-15",2013
"2013-03-16",2013
"2013-03-17",2013
"2013-03-18",2013
"2013-03-19",2013
"2013-03-20",2013
"2013-03-21",2013
"2013-03-22",2013
"2013-03-23",2013
"2013-03-24",2013
"2013-03-25",2013
"2013-03-26",2013
"2013-03-27",2013
"2013-03-28",2013
"2013-03-29",2013
"2013-03-30",2013
"2013-03-31",2013
"2013-04-01",2013
"2013-04-02",2013
"2013-04-03",2013
"2013-04-04",2013
"2013-04-05",2013
"2013-04-06",2013
"2013-04-07",2013
"2013-04-09",2013
"2013-04-10",2013
"2013-04-11",2013
"2013-04-12",2013
"2013-04-13",2013
"2013-04-14",2013
"2013-04-15",2013
"2013-04-16",2013
"2013-04-17",2013
"2013-10-29",2014
"2013-10-30",2014
"2013-10-31",2014
"2013-11-01",2014
"2013-11-02",2014
"2013-11-03",2014
"2013-11-04",2014
"2013-11-05",2014
"2013-11-06",2014
"2013-11-07",2014
"2013-11-08",2014
"2013-11-09",2014
"2013-11-10",2014
"2013-11-11",2014
"2013-11-12",2014
"2013-11-13",2014
"2013-11-14",2014
"2013-11-15",2014
"2013-11-16",2014
"2013-11-17",2014
"2013-11-18",2014
"2013-11-19",2014
"2013-11-20",2014
"2013-11-21",2014
"2013-11-22",2014
"2013-11-23",2014
"2013-11-24",2014
"2013-11-25",2014
"2013-11-26",2014
"2013-11-27",2014
"2013-11-29",2014
"2013-11-30",2014
"2013-12-01",2014
"2013-12-02",2014
"2013-12-03",2014
"2013-12-04",2014
"2013-12-05",2014
"2013-12-06",2014
"2013-12-07",2014
"2013-12-08",2014
"2013-12-09",2014
"2013-12-10",2014
"2013-12-11",2014
"2013-12-12",2014
"2013-12-13",2014
"2013-12-14",2014
"2013-12-15",2014
"2013-12-16",2014
"2013-12-17",2014
"2013-12-18",2014
"2013-12-19",2014
"2013-12-20",2014
"2013-12-21",2014
"2013-12-22",2014
"2013-12-23",2014
"2013-12-25",2014
"2013-12-26",2014
"2013-12-27",2014
"2013-12-28",2014
"2013-12-29",2014
"2013-12-30",2014
"2013-12-31",2014
"2014-01-01",2014
"2014-01-02",2014
"2014-01-03",2014
"2014-01-04",2014
"2014-01-05",2014
"2014-01-06",2014
"2014-01-07",2014
"2014-01-08",2014
"2014-01-09",2014
"2014-01-10",2014
"2014-01-11",2014
"2014-01-12",2014
"2014-01-13",2014
"2014-01-14",2014
"2014-01-15",2014
"2014-01-16",2014
"2014-01-17",2014
"2014-01-18",2014
"2014-01-19",2014
"2014-01-20",2014
"2014-01-21",2014
"2014-01-22",2014
"2014-01-23",2014
"2014-01-24",2014
"2014-01-25",2014
"2014-01-26",2014
"2014-01-27",2014
"2014-01-28",2014
"2014-01-29",2014
"2014-01-30",2014
"2014-01-31",2014
"2014-02-01",2014
"2014-02-02",2014
"2014-02-03",2014
"2014-02-04",2014
"2014-02-05",2014
"2014-02-06",2014
"2014-02-07",2014
"2014-02-08",2014
"2014-02-09",2014
"2014-02-10",2014
"2014-02-11",2014
"2014-02-12",2014
"2014-02-13",2014
"2014-02-18",2014
"2014-02-19",2014
"2014-02-20",2014
"2014-02-21",2014
"2014-02-22",2014
"2014-02-23",2014
"2014-02-24",2014
"2014-02-25",2014
"2014-02-26",2014
"2014-02-27",2014
"2014-02-28",2014
"2014-03-01",2014
"2014-03-02",2014
"2014-03-03",2014
"2014-03-04",2014
"2014-03-05",2014
"2014-03-06",2014
"2014-03-07",2014
"2014-03-08",2014
"2014-03-09",2014
"2014-03-10",2014
"2014-03-11",2014
"2014-03-12",2014
"2014-03-13",2014
"2014-03-14",2014
"2014-03-15",2014
"2014-03-16",2014
"2014-03-17",2014
"2014-03-18",2014
"2014-03-19",2014
"2014-03-20",2014
"2014-03-21",2014
"2014-03-22",2014
"2014-03-23",2014
"2014-03-24",2014
"2014-03-25",2014
"2014-03-26",2014
"2014-03-27",2014
"2014-03-28",2014
"2014-03-29",2014
"2014-03-30",2014
"2014-03-31",2014
"2014-04-01",2014
"2014-04-02",2014
"2014-04-03",2014
"2014-04-04",2014
"2014-04-05",2014
"2014-04-06",2014
"2014-04-08",2014
"2014-04-09",2014
"2014-04-10",2014
"2014-04-11",2014
"2014-04-12",2014
"2014-04-13",2014
"2014-04-14",2014
"2014-04-15",2014
"2014-04-16",2014
"2014-10-28",2015
"2014-10-29",2015
"2014-10-30",2015
"2014-10-31",2015
"2014-11-01",2015
"2014-11-02",2015
"2014-11-03",2015
"2014-11-04",2015
"2014-11-05",2015
"2014-11-06",2015
"2014-11-07",2015
"2014-11-08",2015
"2014-11-09",2015
"2014-11-10",2015
"2014-11-11",2015
"2014-11-12",2015
"2014-11-13",2015
"2014-11-14",2015
"2014-11-15",2015
"2014-11-16",2015
"2014-11-17",2015
"2014-11-18",2015
"2014-11-19",2015
"2014-11-20",2015
"2014-11-21",2015
"2014-11-22",2015
"2014-11-23",2015
"2014-11-24",2015
"2014-11-25",2015
"2014-11-26",2015
"2014-11-28",2015
"2014-11-29",2015
"2014-11-30",2015
"2014-12-01",2015
"2014-12-02",2015
"2014-12-03",2015
"2014-12-04",2015
"2014-12-05",2015
"2014-12-06",2015
"2014-12-07",2015
"2014-12-08",2015
"2014-12-09",2015
"2014-12-10",2015
"2014-12-11",2015
"2014-12-12",2015
"2014-12-13",2015
"2014-12-14",2015
"2014-12-15",2015
"2014-12-16",2015
"2014-12-17",2015
"2014-12-18",2015
"2014-12-19",2015
"2014-12-20",2015
"2014-12-21",2015
"2014-12-22",2015
"2014-12-23",2015
"2014-12-25",2015
"2014-12-26",2015
"2014-12-27",2015
"2014-12-28",2015
"2014-12-29",2015
"2014-12-30",2015
"2014-12-31",2015
"2015-01-01",2015
"2015-01-02",2015
"2015-01-03",2015
"2015-01-04",2015
"2015-01-05",2015
"2015-01-06",2015
"2015-01-07",2015
"2015-01-08",2015
"2015-01-09",2015
"2015-01-10",2015
"2015-01-11",2015
"2015-01-12",2015
"2015-01-13",2015
"2015-01-14",2015
"2015-01-15",2015
"2015-01-16",2015
"2015-01-17",2015
"2015-01-18",2015
"2015-01-19",2015
"2015-01-20",2015
"2015-01-21",2015
"2015-01-22",2015
"2015-01-23",2015
"2015-01-24",2015
"2015-01-25",2015
"2015-01-26",2015
"2015-01-27",2015
"2015-01-28",2015
"2015-01-29",2015
"2015-01-30",2015
"2015-01-31",2015
"2015-02-01",2015
"2015-02-02",2015
"2015-02-03",2015
"2015-02-04",2015
"2015-02-05",2015
"2015-02-06",2015
"2015-02-07",2015
"2015-02-08",2015
"2015-02-09",2015
"2015-02-10",2015
"2015-02-11",2015
"2015-02-12",2015
"2015-02-19",2015
"2015-02-20",2015
"2015-02-21",2015
"2015-02-22",2015
"2015-02-23",2015
"2015-02-24",2015
"2015-02-25",2015
"2015-02-26",2015
"2015-02-27",2015
"2015-02-28",2015
"2015-03-01",2015
"2015-03-02",2015
"2015-03-03",2015
"2015-03-04",2015
"2015-03-05",2015
"2015-03-06",2015
"2015-03-07",2015
"2015-03-08",2015
"2015-03-09",2015
"2015-03-10",2015
"2015-03-11",2015
"2015-03-12",2015
"2015-03-13",2015
"2015-03-14",2015
"2015-03-15",2015
"2015-03-16",2015
"2015-03-17",2015
"2015-03-18",2015
"2015-03-19",2015
"2015-03-20",2015
"2015-03-21",2015
"2015-03-22",2015
"2015-03-23",2015
"2015-03-24",2015
"2015-03-25",2015
"2015-03-26",2015
"2015-03-27",2015
"2015-03-28",2015
"2015-03-29",2015
"2015-03-30",2015
"2015-03-31",2015
"2015-04-01",2015
"2015-04-02",2015
"2015-04-03",2015
"2015-04-04",2015
"2015-04-05",2015
"2015-04-06",2015
"2015-04-07",2015
"2015-04-08",2015
"2015-04-09",2015
"2015-04-10",2015
"2015-04-11",2015
"2015-04-12",2015
"2015-04-13",2015
"2015-04-14",2015
"2015-04-15",2015
"2015-10-27",2016
"2015-10-28",2016
"2015-10-29",2016
"2015-10-30",2016
"2015-10-31",2016
"2015-11-01",2016
"2015-11-02",2016
"2015-11-03",2016
"2015-11-04",2016
"2015-11-05",2016
"2015-11-06",2016
"2015-11-07",2016
"2015-11-08",2016
"2015-11-09",2016
"2015-11-10",2016
"2015-11-11",2016
"2015-11-12",2016
"2015-11-13",2016
"2015-11-14",2016
"2015-11-15",2016
"2015-11-16",2016
"2015-11-17",2016
"2015-11-18",2016
"2015-11-19",2016
"2015-11-20",2016
"2015-11-21",2016
"2015-11-22",2016
"2015-11-23",2016
"2015-11-24",2016
"2015-11-25",2016
"2015-11-27",2016
"2015-11-28",2016
"2015-11-29",2016
"2015-11-30",2016
"2015-12-01",2016
"2015-12-02",2016
"2015-12-03",2016
"2015-12-04",2016
"2015-12-05",2016
"2015-12-06",2016
"2015-12-07",2016
"2015-12-08",2016
"2015-12-09",2016
"2015-12-10",2016
"2015-12-11",2016
"2015-12-12",2016
"2015-12-13",2016
"2015-12-14",2016
"2015-12-15",2016
"2015-12-16",2016
"2015-12-17",2016
"2015-12-18",2016
"2015-12-19",2016
"2015-12-20",2016
"2015-12-21",2016
"2015-12-22",2016
"2015-12-23",2016
"2015-12-25",2016
"2015-12-26",2016
"2015-12-27",2016
"2015-12-28",2016
"2015-12-29",2016
"2015-12-30",2016
"2015-12-31",2016
"2016-01-01",2016
"2016-01-02",2016
"2016-01-03",2016
"2016-01-04",2016
"2016-01-05",2016
"2016-01-06",2016
"2016-01-07",2016
"2016-01-08",2016
"2016-01-09",2016
"2016-01-10",2016
"2016-01-11",2016
"2016-01-12",2016
"2016-01-13",2016
"2016-01-14",2016
"2016-01-15",2016
"2016-01-16",2016
"2016-01-17",2016
"2016-01-18",2016
"2016-01-19",2016
"2016-01-20",2016
"2016-01-21",2016
"2016-01-22",2016
"2016-01-23",2016
"2016-01-24",2016
"2016-01-25",2016
"2016-01-26",2016
"2016-01-27",2016
"2016-01-28",2016
"2016-01-29",2016
"2016-01-30",2016
"2016-01-31",2016
"2016-02-01",2016
"2016-02-02",2016
"2016-02-03",2016
"2016-02-04",2016
"2016-02-05",2016
"2016-02-06",2016
"2016-02-07",2016
"2016-02-08",2016
"2016-02-09",2016
"2016-02-10",2016
"2016-02-11",2016
"2016-02-18",2016
"2016-02-19",2016
"2016-02-20",2016
"2016-02-21",2016
"2016-02-22",2016
"2016-02-23",2016
"2016-02-24",2016
"2016-02-25",2016
"2016-02-26",2016
"2016-02-27",2016
"2016-02-28",2016
"2016-02-29",2016
"2016-03-01",2016
"2016-03-02",2016
"2016-03-03",2016
"2016-03-04",2016
"2016-03-05",2016
"2016-03-06",2016
"2016-03-07",2016
"2016-03-08",2016
"2016-03-09",2016
"2016-03-10",2016
"2016-03-11",2016
"2016-03-12",2016
"2016-03-13",2016
"2016-03-14",2016
"2016-03-15",2016
"2016-03-16",2016
"2016-03-17",2016
"2016-03-18",2016
"2016-03-19",2016
"2016-03-20",2016
"2016-03-21",2016
"2016-03-22",2016
"2016-03-23",2016
"2016-03-24",2016
"2016-03-25",2016
"2016-03-26",2016
"2016-03-27",2016
"2016-03-28",2016
"2016-03-29",2016
"2016-03-30",2016
"2016-03-31",2016
"2016-04-01",2016
"2016-04-02",2016
"2016-04-03",2016
"2016-04-05",2016
"2016-04-06",2016
"2016-04-07",2016
"2016-04-08",2016
"2016-04-09",2016
"2016-04-10",2016
"2016-04-11",2016
"2016-04-12",2016
"2016-04-13",2016
"2016-10-25",2017
"2016-10-26",2017
"2016-10-27",2017
"2016-10-28",2017
"2016-10-29",2017
"2016-10-30",2017
"2016-10-31",2017
"2016-11-01",2017
"2016-11-02",2017
"2016-11-03",2017
"2016-11-04",2017
"2016-11-05",2017
"2016-11-06",2017
"2016-11-07",2017
"2016-11-08",2017
"2016-11-09",2017
"2016-11-10",2017
"2016-11-11",2017
"2016-11-12",2017
"2016-11-13",2017
"2016-11-14",2017
"2016-11-15",2017
"2016-11-16",2017
"2016-11-17",2017
"2016-11-18",2017
"2016-11-19",2017
"2016-11-20",2017
"2016-11-21",2017
"2016-11-22",2017
"2016-11-23",2017
"2016-11-25",2017
"2016-11-26",2017
"2016-11-27",2017
"2016-11-28",2017
"2016-11-29",2017
"2016-11-30",2017
"2016-12-01",2017
"2016-12-02",2017
"2016-12-03",2017
"2016-12-04",2017
"2016-12-05",2017
"2016-12-06",2017
"2016-12-07",2017
"2016-12-08",2017
"2016-12-09",2017
"2016-12-10",2017
"2016-12-11",2017
"2016-12-12",2017
"2016-12-13",2017
"2016-12-14",2017
"2016-12-15",2017
"2016-12-16",2017
"2016-12-17",2017
"2016-12-18",2017
"2016-12-19",2017
"2016-12-20",2017
"2016-12-21",2017
"2016-12-22",2017
"2016-12-23",2017
"2016-12-25",2017
"2016-12-26",2017
"2016-12-27",2017
"2016-12-28",2017
"2016-12-29",2017
"2016-12-30",2017
"2016-12-31",2017
"2017-01-01",2017
"2017-01-02",2017
"2017-01-03",2017
"2017-01-04",2017
"2017-01-05",2017
"2017-01-06",2017
"2017-01-07",2017
"2017-01-08",2017
"2017-01-09",2017
"2017-01-10",2017
"2017-01-11",2017
"2017-01-12",2017
"2017-01-13",2017
"2017-01-14",2017
"2017-01-15",2017
"2017-01-16",2017
"2017-01-17",2017
"2017-01-18",2017
"2017-01-19",2017
"2017-01-20",2017
"2017-01-21",2017
"2017-01-22",2017
"2017-01-23",2017
"2017-01-24",2017
"2017-01-25",2017
"2017-01-26",2017
"2017-01-27",2017
"2017-01-28",2017
"2017-01-29",2017
"2017-01-30",2017
"2017-01-31",2017
"2017-02-01",2017
"2017-02-02",2017
"2017-02-03",2017
"2017-02-04",2017
"2017-02-05",2017
"2017-02-06",2017
"2017-02-07",2017
"2017-02-08",2017
"2017-02-09",2017
"2017-02-10",2017
"2017-02-11",2017
"2017-02-12",2017
"2017-02-13",2017
"2017-02-14",2017
"2017-02-15",2017
"2017-02-16",2017
"2017-02-23",2017
"2017-02-24",2017
"2017-02-25",2017
"2017-02-26",2017
"2017-02-27",2017
"2017-02-28",2017
"2017-03-01",2017
"2017-03-02",2017
"2017-03-03",2017
"2017-03-04",2017
"2017-03-05",2017
"2017-03-06",2017
"2017-03-07",2017
"2017-03-08",2017
"2017-03-09",2017
"2017-03-10",2017
"2017-03-11",2017
"2017-03-12",2017
"2017-03-13",2017
"2017-03-14",2017
"2017-03-15",2017
"2017-03-16",2017
"2017-03-17",2017
"2017-03-18",2017
"2017-03-19",2017
"2017-03-20",2017
"2017-03-21",2017
"2017-03-22",2017
"2017-03-23",2017
"2017-03-24",2017
"2017-03-25",2017
"2017-03-26",2017
"2017-03-27",2017
"2017-03-28",2017
"2017-03-29",2017
"2017-03-30",2017
"2017-03-31",2017
"2017-04-01",2017
"2017-04-02",2017
"2017-04-04",2017
"2017-04-05",2017
"2017-04-06",2017
"2017-04-07",2017
"2017-04-08",2017
"2017-04-09",2017
"2017-04-10",2017
"2017-04-11",2017
"2017-04-12",2017
