player,avg_points,std_dev_points,std_avg_ratio,riskiness_ratio
Boris Diaw,19.456790123456791,8.1691865915708668,0.41986301644494933,0.62441384902355224
Austin Daye,8.1642857142857146,9.4066510530376028,1.1521707326555244,1.7134906713176796
Jeff Ayres,6.3382352941176467,6.2259183116653096,0.9822794552047357,1.4608309649048756
Manu Ginobili,22.675000000000001,9.7376222062618556,0.42944309619677423,0.63866119693821177
Cory Joseph,14.651898734177216,9.9165118810522106,0.67680729036987008,1.006537438818363
Aron Baynes,13.75,8.4426882867512276,0.61401369358190749,0.91315176318444924
Marco Belinelli,15.899193548387096,6.9829211554738491,0.43919970747083809,0.65317107982965605
Danny Green,25.182098765432098,10.546623596683604,0.41881432103511312,0.6228542452678949
Tony Parker,24.694852941176471,10.869720848362874,0.4401613921028289,0.65460128248882965
Matt Bonner,7.4965277777777777,7.1334726070713446,0.95157022271262026,1.4151606645690158
Tim Duncan,35.20779220779221,11.011985291559256,0.31277125320917104,0.4651486185515587
Gal Mekel,7.4375,2.8311879132265312,0.38066392110608821,0.56611755466062952
Charlie Villanueva,11.23828125,9.2662801486172821,0.82452823011679677,1.2262257584749927
Devin Harris,18.13486842105263,9.3909922079151364,0.51784176151028505,0.77012633841297007
Richard Jefferson,11.462837837837839,8.4027150733248224,0.73303968809435527,1.0901653996715734
Al-Farouq Aminu,16.047297297297298,10.371991697519684,0.64633885104543709,0.96122524239440343
Jae Crowder,16.283536585365855,11.094902218559014,0.6813570357025569,1.0133037504104496
Brandan Wright,17.096666666666668,8.4796948780734578,0.4959852726500365,0.73762170285129613
Greg Smith,5.3035714285714288,4.8317849155755344,0.91104362044521858,1.3548901222290408
Monta Ellis,31.699999999999999,10.835755977085158,0.34182195511309649,0.50835237759244178
Jameer Nelson,18.746031746031747,8.9088679161475426,0.47524020213149465,0.70676995162913026
Tyson Chandler,29.826666666666668,9.8523708675481654,0.33032088290840966,0.4912481591165383
Kyle Anderson,7.4696969696969697,7.9036575729407099,1.0580961456675189,1.5735843860395538
Ronnie Price,15.959302325581396,8.2588210836739471,0.51749261435042582,0.76960709210304434
Wayne Ellington,17.869230769230768,8.3655622770701132,0.46815458287521083,0.69623232716772054
Terrence Jones,26.333333333333332,12.161136014643805,0.46181529169533442,0.68680463039360684
Jordan Clarkson,22.89406779661017,14.376345768327109,0.62795069430412698,0.93387865725216268
Ed Davis,23.050632911392405,8.4778538560501264,0.36779267140470068,0.54697562919208698
Robert Sacre,12.011194029850746,6.813315955558414,0.5672471811399985,0.84360132197980209
Julius Randle,1.5,nan,nan,nan
Jeremy Lin,23.885135135135137,10.338797556437362,0.43285489062312005,0.64373516536693853
Jordan Hill,26.342857142857142,9.8811021715304435,0.37509606941818385,0.5578371308865282
Wesley Johnson,20.424342105263158,7.4809780707295781,0.36627755411528296,0.54472236995906886
Kobe Bryant,40.264285714285712,10.962661035295664,0.2722676148556667,0.40491222779270353
Carlos Boozer,23.323943661971832,8.948303347382712,0.38365310245421047,0.5705630193905652
Francisco Garcia,8.3392857142857135,4.775344472932276,0.57263231367067979,0.85161000862111647
Joey Dorsey,9.8514492753623184,6.9497036067485558,0.70544986960742972,1.0491342440790896
Jason Terry,14.39935064935065,7.8531191151002879,0.54538008736209442,0.81108091494697565
Troy Daniels,5.8670212765957448,7.0332770872825696,1.1987815887662041,1.7828096228099661
Isaiah Canaan,15.963541666666666,12.285823605188273,0.76961766140167975,1.1445636014843827
Tarik Black,15.420634920634921,8.298832190097956,0.53816410496775213,0.80034941642279389
Kostas Papanikolaou,12.302325581395349,8.8267987070784848,0.71749025407254219,1.0670405194906321
Donatas Motiejunas,24.362676056338028,9.0179175546315999,0.37015299689483661,0.55048586911920239
James Harden,50.040123456790127,13.205553802645603,0.26389930500568526,0.39246700552118263
Patrick Beverley,23.84375,7.0526530307911273,0.29578623458101716,0.43988875892604951
Dwight Howard,34.128048780487802,12.315021563016485,0.36084751408517129,0.53664689757223494
Trevor Ariza,28.100609756097562,7.942585228842967,0.28264814528159848,0.42034999369322079
Ryan Kelly,14.701923076923077,10.231635684399663,0.69593859462234464,1.0349892215599721
Austin Rivers,13.993421052631579,8.5752525409081031,0.61280601138600455,0.91135571671499349
Chandler Parsons,28.496212121212121,9.4926583397019169,0.33312000554051657,0.49541097143423612
Xavier Henry,3.7777777777777777,4.0145135999824992,1.0626653647012498,1.5803796586216479
Tyreke Evans,35.822784810126585,10.467911277059128,0.29221377769882373,0.43457585575308433
Alexis Ajinca,15.0625,10.835556363953717,0.71937303661103513,1.0698405648523051
Eric Gordon,24.577868852459016,8.8411373919034659,0.35971944699423808,0.53496925346780644
Jrue Holiday,33.28125,10.522288234005339,0.31616265116260173,0.47019225365808137
Omer Asik,22.571428571428573,8.0374183656795193,0.35608815544149769,0.5295688522736931
Anthony Davis,49.492647058823529,14.937180058912695,0.30180604486883472,0.4488413286094538
Maurice Harkless,8.9222222222222225,7.7845312490654672,0.87248793576076222,1.2975506983393057
Jimmer Fredette,6.7400000000000002,6.1262149981927365,0.90893397599298753,1.3517526913030151
Andrew Nicholson,9.0,7.6801024966451035,0.85334472184945598,1.2690812037354453
Darius Miller,1.55,1.0954451150103324,0.70673878387763378,1.0510510976456027
Ben Gordon,9.3348214285714288,6.3647246576370025,0.68182607523227567,1.0140012988170126
Willie Green,10.879807692307692,6.7654127565296536,0.62183201650824926,0.92477905332465193
Luke Ridnour,9.7021276595744688,6.0737403189146653,0.6260214802390115,0.93100955963506615
Ryan Anderson,23.356557377049182,10.328102743686909,0.44219285303730577,0.65762244008441417
Dewayne Dedmon,11.995762711864407,7.5707142658039661,0.63111570707514519,0.93858561578186039
Aaron Gordon,12.313829787234043,7.0467129411340155,0.57226005742254638,0.85105639482896067
Elfrid Payton,27.057926829268293,11.774914404323619,0.43517430136542501,0.64718455750757531
Nikola Vucevic,38.804054054054056,10.710805441353028,0.27602284612924394,0.41049695024185362
Evan Fournier,19.90948275862069,8.3615790967331982,0.41997972514442561,0.62458741641434457
Tobias Harris,30.882352941176471,10.121507190822513,0.3277440423694909,0.48741592132419831
Dirk Nowitzki,29.646103896103895,7.6338226190118732,0.25749834264107513,0.3829475923054555
Kyle O'Quinn,14.78921568627451,9.6653210692945439,0.65353844817238549,0.97193237299981161
John Salmons,5.4880952380952381,5.7382903543194983,1.0455886979671103,1.5549835013362523
Jeff Withey,6.2837837837837842,6.8427684258441577,1.0889566957257368,1.6194797235427141
Devyn Marble,7.546875,7.6437440378826569,1.0128356489119876,1.5062736683032496
Luke Babbitt,7.9880952380952381,7.6978511574592243,0.96366542060592375,1.4331484576716489
Jusuf Nurkic,19.056451612903224,10.260082941021318,0.53840469093806331,0.80070721219393626
Wilson Chandler,26.669871794871796,8.7234284475459436,0.32708925317081294,0.48644212885419841
Alonzo Gee,8.7037037037037042,6.5166828858768602,0.74872526773904347,1.1134927535381633
Darrell Arthur,14.168103448275861,8.3696648273657903,0.59073995739241358,0.87853941909591937
Ben McLemore,20.734756097560975,8.3291051830105793,0.40169776503859289,0.59739876528227986
Nemanja Nedovic,nan,nan,nan,nan
Darren Collison,31.605555555555554,8.4117222200373902,0.26614695018574974,0.39580966901654507
Derrick Williams,13.763513513513514,8.8391148804435105,0.64221355046914064,0.95509015854483059
Carl Landry,13.121428571428572,7.8145097828973213,0.59555327686751491,0.88569771411670062
Omri Casspi,16.805970149253731,10.415771558104113,0.61976615843070659,0.92170674082459647
Reggie Evans,13.452127659574469,9.4163419316979518,0.69998904039510279,1.0410129824919157
Ryan Hollins,7.0489130434782608,7.0118193005368905,0.99473766484100834,1.4793586235131382
Ray McCallum,16.125,10.149948533065603,0.62945417259321568,0.93611460714211037
Ramon Sessions,13.7421875,8.0299499827950669,0.58432836713915215,0.86900420024692659
Nik Stauskas,8.3219178082191778,7.1167690581108518,0.85518377159192127,1.2718162103525121
Rudy Gay,36.481617647058826,10.53010221071202,0.2886413182821394,0.42926294881086319
JJ Hickson,17.945205479452056,8.4275143148283185,0.46962484349806655,0.69841887625308263
Randy Foye,16.21078431372549,12.459070245108542,0.76856677653527139,1.1430007416024368
Nate Robinson,11.726190476190476,7.7137842892055843,0.65782525918098389,0.97830765269122122
JaVale McGee,9.6413043478260878,7.4509098311718249,0.77281139173371793,1.1493132683310998
Jason Thompson,17.648148148148149,9.4103315710859938,0.53321920759563868,0.79299544076832551
Leandro Barbosa,12.526515151515152,7.3360449399731289,0.58564132571905225,0.87095681214264808
DeMarcus Cousins,50.953389830508478,13.270760782984713,0.26044902659329661,0.38733580429768799
Kevin Garnett,19.898936170212767,7.9565155783176298,0.39984627872860579,0.59464526319242617
Shaun Livingston,14.958333333333334,7.7609805607325963,0.51883992606568885,0.77161079345565498
Trey Burke,24.796052631578949,9.192361913233162,0.37071876115984093,0.55132726507101204
Alec Burks,24.944444444444443,7.1445693918438389,0.28641926292469733,0.42595834210786787
Trevor Booker,16.844936708860761,9.9639014953362235,0.59150720881575169,0.87968046366438801
Joe Ingles,13.148734177215189,7.6990174809531426,0.58553297809414995,0.87079567921393564
Rudy Gobert,28.125,12.458279140226489,0.44296103609694182,0.65876487016811958
Dante Exum,11.539634146341463,6.7187168904949477,0.58222962749863749,0.86588298678990872
Enes Kanter,29.283333333333335,12.007059672625182,0.41003049536568631,0.60979107423216306
Rodney Hood,15.925000000000001,9.6077734790371583,0.60331387623467236,0.89723915866356008
Jeremy Evans,6.3881578947368425,6.5491121144708586,1.0251957171983217,1.5246553725986449
Ian Clark,3.9833333333333334,5.2353792032954836,1.3143211389026319,1.9546382726062643
Harrison Barnes,21.271341463414632,7.6809650503166269,0.36109453009944875,0.5370142560063057
Draymond Green,33.281645569620252,11.144833738206049,0.3348642636943151,0.49800500545210696
C.J. McCollum,11.923387096774194,10.455270526491692,0.87687084564421358,1.3040688948059098
Steve Blake,12.737654320987655,6.237976088364908,0.4897272238018488,0.72831482842886974
Steve Novak,3.3714285714285714,4.6266377976803383,1.372307821345863,2.0408751788312061
Justin Holiday,8.8855932203389827,8.4370542071120038,0.94952064514946732,1.41211256420067
Gordon Hayward,34.66776315789474,10.421003483181991,0.30059636197811224,0.44704230673729756
Marreese Speights,18.108552631578949,9.7715859789421913,0.53961165078990481,0.80250218440436449
Festus Ezeli,10.657608695652174,7.2453737530410427,0.67983109156529931,1.0110343896551071
Ognjen Kuzmic,3.359375,3.3553051897952093,0.99878852161345766,1.4853829956775291
Andre Iguodala,19.327922077922079,6.8762869298202398,0.35576959085916915,0.52909508790478388
Arron Afflalo,20.951923076923077,8.5803174127241295,0.40952409863391898,0.60903796876673499
Klay Thompson,34.418831168831169,10.919896853911599,0.3172651854546526,0.47183192577497574
Derrick Favors,33.16554054054054,10.360561171384738,0.31238933551287384,0.46458063640163194
Stephen Curry,45.821874999999999,10.665007978152234,0.23274927047730443,0.34614115114664501
Andrew Bogut,24.339552238805972,8.6821723354894829,0.35671043782173562,0.53049430110106044
Ty Lawson,36.026666666666664,10.851311831685075,0.30120221590539625,0.44794332342098786
O.J. Mayo,20.714788732394368,9.0154921994079444,0.43522008917760596,0.64725265244073793
Danilo Gallinari,21.864406779661017,13.487487978478736,0.61686960521724454,0.91739903123818545
Rasual Butler,13.923333333333334,8.966997800242261,0.64402665551177363,0.95778658060157751
Kevin Seraphin,13.405063291139241,7.5195582374024115,0.56094910364002881,0.83423491755937285
Andre Miller,12.361111111111111,7.4997916637730677,0.60672471886703472,0.90231171159884871
DeJuan Blair,4.8275862068965516,5.8286942026816249,1.2073723705554795,1.7955857019430665
Nene Hilario,21.621323529411764,7.9654679907508834,0.36840797372627787,0.54789069738309426
Glen Rice Jr.,3.7000000000000002,1.6336309252704539,0.44152187169471724,0.65662456690592796
Chris Bosh,36.011363636363633,9.370282463516709,0.26020348904685087,0.38697064461833797
Luol Deng,25.722222222222221,9.1158965351775798,0.35439770547126659,0.52705484096250121
Otto Porter Jr.,12.949324324324325,8.9665454827025126,0.69243346279153239,1.0297764431725254
Shawne Williams,11.507936507936508,8.8876237178867132,0.77230385410601787,1.1485584661427104
Dwyane Wade,34.770161290322584,10.502956100965326,0.30206808686529057,0.44923103345413917
Chris Andersen,15.262499999999999,7.4635306828763888,0.48901101935308039,0.72724970013933898
James Ennis,11.056451612903226,9.1779336394998481,0.83009757206271417,1.2345083985379919
Mario Chalmers,21.887499999999999,10.660905452319291,0.48707734790722063,0.72437397357385203
Shabazz Napier,13.063725490196079,8.3211842812869623,0.63696870295780117,0.94729010163620664
Lavoy Allen,14.734126984126984,9.9019256248665677,0.67204019861739162,0.99944789295881775
Chris Copeland,11.324999999999999,10.759458344988888,0.95006254701888637,1.4129184723631512
Damjan Rudez,7.5625,5.8391650842048488,0.77212100287006269,1.1482865325844556
Norris Cole,17.016666666666666,7.6959024431456013,0.45225675473921262,0.6725893205948491
Ian Mahinmi,14.508196721311476,8.1382542165988561,0.56094181605935611,0.83422407958098543
Kris Humphries,18.96875,9.1323491822915734,0.48144180203184572,0.71599287604069251
John Wall,42.265822784810126,10.391328807156885,0.24585653661736864,0.36563407664885261
Solomon Hill,18.823170731707318,8.0154642015015281,0.42582964983681587,0.63328733484155442
C.J. Miles,21.942857142857143,11.246108137492085,0.51251794897424863,0.76220884592874649
Luis Scola,20.703703703703702,7.8633953296976706,0.37980621449344742,0.56484198651969941
Michael Carter-Williams,33.869402985074629,12.709781949897112,0.37525851741461119,0.55807872105937606
Luc Richard Mbah a Moute,21.201492537313431,8.1626735915888649,0.38500466781869341,0.57257304670516285
JaKarr Sampson,10.956081081081081,8.1832980285134909,0.74691835227875225,1.110805536533499
K.J. McDaniels,16.830645161290324,9.7967849980621136,0.58208018196439959,0.86566073367973251
Alexey Shved,18.839285714285715,13.531334618230481,0.7182509370814284,1.0681717956137047
Garrett Temple,9.6538461538461533,9.1897419695040039,0.95192546297651037,1.4156889724499573
Brandon Davies,12.231481481481481,8.5743148206649522,0.70100378548964037,1.0425220958585155
Hollis Thompson,16.781690140845072,8.2346100585820938,0.49069015036452257,0.72974687806833827
Tony Wroten,30.899999999999999,12.395876678181729,0.4011610575463343,0.59660058211797418
Henry Sims,17.11986301369863,8.0264438806898166,0.46883809025033535,0.69724882886999284
Chris Johnson,11.370689655172415,6.5912620355797475,0.57967126317456452,0.86207822654137567
Nerlens Noel,29.383333333333333,11.411700767826607,0.38837325358456976,0.57758275587565988
Drew Gooden,13.524509803921569,9.2396232203971369,0.6831762004208104,1.0160091843239925
Paul Pierce,22.020547945205479,8.9148901486363048,0.40484415605004681,0.6020780298162941
Marcin Gortat,28.582317073170731,9.8678032752214122,0.34524154392241313,0.51343793770817359
Malcolm Thomas,7.4705882352941178,6.6654908583204087,0.89223105977517281,1.3269123700625491
Rodney Stuckey,23.070422535211268,10.641494180346202,0.46126134725554352,0.68598081270486699
Shayne Whittington,5.7125000000000004,4.3681525361355416,0.76466565183991975,1.1371990486903754
David West,27.412878787878789,7.7963862960598158,0.28440596685916697,0.4229641990272362
Jared Dudley,16.111111111111111,8.8236726337757911,0.54767623244125596,0.81449570674963423
Brandon Knight,32.396825396825399,10.473433646134859,0.32328580093409903,0.48078569292704126
Larry Sanders,20.518518518518519,8.5186238071035607,0.41516758626678002,0.61743087716002198
Jabari Parker,23.879999999999999,8.0146740420306539,0.33562286608168568,0.49913318730672057
Kyle Singler,12.581250000000001,7.8406574858315663,0.62320178724940412,0.92681615539667139
Josh Smith,29.716867469879517,10.674134674211171,0.35919447717799602,0.53418852639554271
Andre Drummond,37.274390243902438,12.80471856484327,0.34352590293379626,0.51088646270016869
Brandon Jennings,30.890243902439025,13.789834206364642,0.4464138985084487,0.66389991427553607
Khris Middleton,25.661392405063292,10.347491177931852,0.40323186733585709,0.5996802587282648
Kentavious Caldwell-Pope,21.667682926829269,9.180297515120337,0.42368616644990437,0.63009957917002113
Caron Butler,11.98076923076923,7.6173470463131734,0.63579782730061807,0.94554879328754549
Joel Anthony,6.6683673469387754,7.0180919020470389,1.0524453043620656,1.5651805413769888
Spencer Dinwiddie,11.823529411764707,9.7332858702722831,0.82321323280909853,1.2242701146145072
D.J. Augustin,19.350609756097562,11.052893297272497,0.5711909565945138,0.84946644444781394
Tony Mitchell,nan,nan,nan,nan
Luigi Datome,8.4404761904761898,8.4045764177562674,0.99574671239989632,1.4808592635919617
Greg Monroe,34.681159420289852,10.525082441514751,0.30348127390911739,0.45133270358669253
Kenneth Faried,28.440000000000001,12.214913901523074,0.42949767586227405,0.63874236698100739
Jonas Jerebko,13.886666666666667,8.1449384603275252,0.58652941384979773,0.87227756321209504
John Henson,18.417910447761194,9.3763269828237412,0.50908744558281249,0.7571070538136131
Ersan Ilyasova,21.254310344827587,11.613993693645243,0.54643004196424583,0.81264239135416305
Giannis Antetokounmpo,27.97530864197531,9.8403351170602633,0.35175072572015942,0.52311829320778147
C.J. Watson,21.100877192982455,8.3232489107966536,0.39445037448797277,0.58662055702901028
Jannero Pargo,6.6388888888888893,5.2367557811216585,0.78880003397648413,1.1730913322529914
Bismack Biyombo,16.46484375,9.8798202207452164,0.6000555104414651,0.89239336694870441
P.J. Hairston,10.744444444444444,7.3406342788727468,0.68320277673065899,1.0160487082050571
Gerald Henderson,21.696874999999999,10.180156746169592,0.46919921630048533,0.69778589000213564
Brian Roberts,13.052083333333334,8.1209971179739284,0.62219930033958271,0.92532527221468153
Gary Neal,16.569444444444443,8.1701274594955091,0.4930839707323359,0.73330693106465472
Jason Maxiell,9.75,7.1809934317381652,0.73651214684494004,1.0953295871544031
Cody Zeller,19.56451612903226,8.3947113869523466,0.42907840559855354,0.63811883466475927
Kemba Walker,33.314516129032256,11.910865638308319,0.35752779935856493,0.53170986866301628
Al Jefferson,33.823076923076925,10.941403149716006,0.32348929030317958,0.48108831920086459
Lance Stephenson,20.446721311475411,9.5888514642980862,0.46896768035452652,0.69744155328863422
Michael Kidd-Gilchrist,24.654545454545456,8.8673990545856221,0.35966589085708639,0.53488960560069765
Marvin Williams,18.442307692307693,8.0849711342563388,0.43839259539241876,0.65197075510530567
Kendall Marshall,11.267857142857142,8.4934420702715219,0.7537761583759196,1.1210043607529951
Nate Wolters,6.166666666666667,4.6766262768510094,0.75837182867854203,1.1278389712571568
Chris Kaman,19.412162162162161,7.5749036379367976,0.3902143189748159,0.58032076013324219
Jerryd Bayless,16.9512987012987,8.3487943268615208,0.49251650118240731,0.73246299903921752
Zaza Pachulia,22.684931506849313,11.355831483242394,0.50058918978061284,0.74446857791171384
Timofey Mozgov,22.669753086419753,8.664657664228379,0.38221226456228657,0.56842022734011755
Joel Freeland,10.119791666666666,7.2908769835813523,0.7204572212288316,1.0714529476146224
Mike Scott,14.113970588235293,7.429322931667639,0.52638078598947591,0.78282544486703187
Will Barton,14.46551724137931,11.036070075449134,0.76292260354713914,1.1346068139592849
Udonis Haslem,11.379032258064516,8.3377403295030152,0.73272842016893969,1.0897024867790972
Justin Hamilton,13.402439024390244,11.779202812688091,0.87888501423150456,1.3070643354875435
Shannon Brown,6.6500000000000004,6.0093676872030386,0.90366431386511858,1.3439157304766556
Thaddeus Young,27.726973684210527,8.2679277564553555,0.29819077446463732,0.44346475382213429
Nikola Pekovic,25.048387096774192,10.118139518302161,0.40394375411122602,0.60073896584002917
Ricky Rubio,33.534090909090907,11.184676872992204,0.33353153670732433,0.49602299428405833
Corey Brewer,22.303125000000001,9.8683336535658963,0.44246416829775631,0.65802593598531822
Andrew Wiggins,28.237804878048781,10.948666870129092,0.38773080688861389,0.57662731898671715
Anthony Bennett,12.535087719298245,8.2340807715787072,0.65688258079774153,0.97690571583415864
Danny Granger,11.435483870967742,7.6354348658997706,0.66769670195456388,0.99298831123042131
Taj Gibson,23.177419354838708,9.0216482692127666,0.38924300117689042,0.57887623117719578
Kirk Hinrich,13.071969696969697,7.0195832047421707,0.53699506405445752,0.7986108366771496
Mike Dunleavy,19.357142857142858,10.179113090931466,0.52585824085992816,0.78204832375169264
Derrick Rose,30.377450980392158,10.690810604091205,0.35193244525328476,0.52338854371491661
Pau Gasol,41.817307692307693,9.5476992092236586,0.2283193188685354,0.33955299494646146
Joakim Noah,29.335820895522389,10.141008877737198,0.34568689636651856,0.51410025904371415
Gerald Green,18.614864864864863,10.024216328231699,0.53850599512823649,0.80085787023437016
Archie Goodwin,10.378048780487806,7.5048155272172394,0.72314321178826513,1.0754475116461433
Isaiah Thomas,27.39179104477612,9.8995163526448238,0.36140449291769688,0.53747522796338654
Tyler Ennis,9.25,7.6492953106805857,0.82695084439790112,1.2298286333382569
Alex Len,18.89855072463768,9.2835558722624487,0.49123110060284431,0.7305513709796233
Anthony Tolliver,12.822368421052632,8.1427693681238527,0.63504409643654469,0.94442785628778558
Shavlik Randolph,4.3809523809523814,4.9910038116213702,1.1392508700440083,1.6942764494735654
Eric Bledsoe,36.070987654320987,12.285550110285891,0.34059367123578582,0.50652569261785396
Goran Dragic,29.397435897435898,9.8133916500695957,0.33381794535779696,0.49644893684349001
Miles Plumlee,12.808219178082192,8.1916624860053346,0.63956295345282288,0.95114823124867798
Marcus Morris,21.12037037037037,9.9614186294478735,0.47164980797035089,0.70143037240956974
Markieff Morris,29.512195121951219,9.7997624088596869,0.3320580650935927,0.49383166986223292
Shabazz Muhammad,21.434210526315791,11.926815716848735,0.5564383023207512,0.82752652290770923
Dorell Wright,10.265625,8.0279442550858526,0.78202196700988513,1.1630110948474937
Chase Budinger,13.582089552238806,10.150700459083634,0.74735926456989399,1.1114612545415405
Mo Williams,28.389705882352942,13.021106742812846,0.45865592256476223,0.68210606499956383
Brandon Bass,19.951219512195124,9.5496137069108471,0.47864811978403998,0.71183815457922306
Avery Bradley,23.087662337662337,10.013540687239965,0.43371825786386015,0.64501915190730119
Rajon Rondo,29.665441176470587,12.413477441495514,0.41844910944191099,0.62231110817868374
Kelly Olynyk,21.72265625,11.494832965112339,0.52916332297586022,0.78696359126637405
Jared Sullinger,29.297413793103448,11.545339389348628,0.39407367049122877,0.58606032861322577
Jeff Green,24.987179487179485,8.7283031030249543,0.34931125809951075,0.51949035431600887
Jorge Gutierrez,6.1624999999999996,5.5222486600259044,0.89610525923341255,1.3326740201742628
Alan Anderson,14.22972972972973,8.0811124239268661,0.56790343719903902,0.84457729594207231
Marcus Thornton,12.979166666666666,8.2431198476484031,0.63510393689746925,0.94451685010498254
Sergey Karasev,10.560606060606061,7.9034778497324911,0.74839245062029325,1.1129977930153259
Jerome Jordan,7.3920454545454541,6.505676798192253,0.88009155763400204,1.3088586883608841
Andrei Kirilenko,2.2857142857142856,3.1537958988223336,1.3797857057347711,2.0519961739914061
Mirza Teletovic,17.912500000000001,10.197811165348305,0.56931255633486699,0.84667291634413855
Cory Jefferson,8.8550000000000004,7.0103949785373754,0.79168774461178715,1.1773858912925639
Bojan Bogdanovic,14.881410256410257,9.4748234708373218,0.63668854682344267,0.94687345772300013
Deron Williams,29.371323529411764,10.793127014884892,0.36747159194501072,0.54649812473607429
Mason Plumlee,20.597560975609756,11.0517690401125,0.53655717068633813,0.79795960836520052
Joe Johnson,27.681249999999999,10.112889303423186,0.36533354900603066,0.5433184600153993
Jarrett Jack,24.128125000000001,10.869332784216825,0.45048393873194975,0.66995281577459009
Tyler Zeller,20.612804878048781,9.369897989403503,0.45456686000951768,0.67602487378001486
Marcus Smart,20.104477611940297,10.239938636709795,0.50933622023723557,0.75747702767037972
Evan Turner,25.789634146341463,11.032812278747375,0.42780026332062171,0.63621800104021031
Robbie Hummel,10.177777777777777,6.9960667160161849,0.68738646773084788,1.0222706293989559
Zach LaVine,19.811688311688311,12.745945939849742,0.64335485897635536,0.95678749508079741
Glenn Robinson III,4.2642857142857142,6.235554735317689,1.4622741422855552,2.1746717137489391
Zach Randolph,34.573943661971832,10.278218505846406,0.29728221363279145,0.44211355606509317
Tony Allen,20.650793650793652,6.9613766949498777,0.33709971697297636,0.50132953733838759
Marc Gasol,37.117283950617285,9.0501283157126622,0.24382517664151859,0.362613069197392
Mike Conley,30.303571428571427,10.647165103500594,0.35135017430526416,0.52252259927687916
Courtney Lee,18.259740259740258,7.0632063641220064,0.38681855621436312,0.57527063375255116
Jon Leuer,10.369047619047619,8.5536562101952622,0.82492206849185079,1.2268114688758345
Quincy Pondexter,13.716666666666667,8.1462905392300815,0.59389724465832916,0.88323488837272313
Kosta Koufos,14.277777777777779,5.9144949065833172,0.41424477944941518,0.61605849299145465
Beno Udrih,15.066455696202532,6.9655411993566663,0.46232115500876003,0.68755694256744493
Vince Carter,12.056818181818182,7.2152076912568521,0.59843381416644958,0.88998160508026569
Jarnell Stokes,6.4210526315789478,8.2268414991800825,1.2812294138067342,1.9054247657513017
Tayshaun Prince,15.931034482758621,7.5387584928040487,0.47321211318466971,0.70375380880194915
Jordan Adams,6.5666666666666664,6.8888757570014496,1.0490673741626573,1.5601569353080271
James Young,6.5483870967741939,4.7790425099415001,0.72980452122259354,1.0853541090374648
Phil Pressey,10.27,7.8092436070522036,0.76039372999534605,1.1308459119357173
Gerald Wallace,4.7578125,4.6435371212005769,0.97598152957910322,1.4514647863496353
Gorgui Dieng,28.065068493150687,10.640676947357314,0.37914309562273768,0.56385580628899956
Cameron Bairstow,1.4444444444444444,2.2857544055769377,1.5824453577071107,2.353388505236218
Nikola Mirotic,20.932926829268293,13.421010843772311,0.64114354161918408,0.95349885776738219
Doug McDermott,4.9930555555555554,6.5915221825113877,1.3201379614487341,1.9632889620283815
Kent Bazemore,12.56,8.4717176534631982,0.67449981317382146,1.0031057940649899
Shelvin Mack,12.568181818181818,8.6915314447581018,0.69155042236773323,1.0284631989755573
Dennis Schroder,19.649350649350648,9.0261188747554542,0.45935965192079975,0.68315264052220659
Thabo Sefolosha,15.620192307692308,7.698276224262008,0.49284132183641044,0.73294606734212675
Mike Muscala,11.21875,9.881539947334586,0.88080578917745611,1.3099208825758411
Pero Antic,11.607142857142858,6.0747551201332604,0.52336351804225012,0.77833821017697746
Amir Johnson,21.453333333333333,8.4838572202349898,0.39545636514457688,0.58811665092956522
Terrence Ross,17.225609756097562,7.8956944193875733,0.45836951673612814,0.68168012663672717
Jonas Valanciunas,26.528124999999999,9.2933038495399174,0.35031891057283232,0.52098891964493999
Kyle Lowry,37.321428571428569,11.739483642412734,0.31455075788282927,0.46779507065406256
DeMar DeRozan,33.054166666666667,10.708986768078018,0.3239829603351474,0.48182249771322477
Tyler Hansbrough,9.6790540540540544,7.4723829741325911,0.77201583258053996,1.1481301249402676
James Johnson,17.639285714285716,10.234978009000336,0.58023766805428101,0.86292057520557597
Patrick Patterson,20.49074074074074,7.7645472787822234,0.37892955540374157,0.56353823254508251
Greivis Vasquez,19.719512195121951,8.3744716291686547,0.42467945181931338,0.63157677796200562
Louis Williams,23.728124999999999,10.064600967867779,0.424163349100183,0.63080923790079146
Chuck Hayes,5.7844827586206895,4.5897421233246529,0.79345765470292062,1.1800180744788511
Lucas Nogueira,4.041666666666667,4.8744657826952347,1.2060533895328416,1.7936241335627221
Landry Fields,4.5961538461538458,5.9334125606925916,1.2909516868452502,1.9198835813446338
Roy Hibbert,24.506578947368421,11.513323708079154,0.46980542379276014,0.69868743250226639
Steven Adams,21.475000000000001,9.056100314072868,0.42170432195915564,0.62715221038981139
Elton Brand,9.1388888888888893,7.1931128877470716,0.78708834030059138,1.1705457276280278
Jeff Teague,33.171232876712331,10.823382987413751,0.32628823377295224,0.48525086507108234
Allen Crabbe,7.7107843137254903,6.1468228681611619,0.79717219650659699,1.1855422841714107
Thomas Robinson,15.125,9.7876932256403126,0.6471202132654752,0.96238727232365662
Wesley Matthews,27.699999999999999,8.9088843487264455,0.32162037360023271,0.47830889489749906
Nicolas Batum,27.08450704225352,9.8002317448885421,0.36183902958246827,0.53812146423751506
Damian Lillard,38.841463414634148,10.39434736244838,0.26760957102692845,0.39798485633557923
Robin Lopez,22.262711864406779,7.2292246521130386,0.32472345220758986,0.48292374588734938
LaMarcus Aldridge,42.2887323943662,10.239075004200817,0.2421230059278128,0.36008162697597512
Anthony Morrow,17.679054054054053,9.0314822535211938,0.51085777700024337,0.75973986358991852
Jeremy Lamb,11.824468085106384,11.628408206986334,0.98341913761287925,1.4625258831312031
Reggie Jackson,30.288961038961038,13.80307131959135,0.4557129345518422,0.6777292982904185
Sebastian Telfair,16.1875,9.4293425009382279,0.5825076448456048,0.86629644993125676
Kendrick Perkins,11.463768115942029,6.4860250451733172,0.56578473845380384,0.84142639961013233
Lance Thomas,13.65725806451613,8.1613134127317739,0.59758066913418362,0.88871282085182113
Nick Collison,12.515151515151516,7.1886500802786308,0.57439576912637968,0.85423259257242179
Andre Roberson,11.834558823529411,7.4902436908772838,0.63291279401013401,0.94125821595419168
Russell Westbrook,54.343283582089555,15.690111959356784,0.28872219205627697,0.42938322304940385
Paul Millsap,36.178082191780824,9.5193041671376424,0.26312351541122597,0.39131326311536097
DeMarre Carroll,24.985915492957748,9.0416582830276351,0.36187020185736307,0.53816782316742195
Al Horford,33.07236842105263,9.3144883371259954,0.28163959165370028,0.418850088181002
Kyle Korver,24.420000000000002,8.5822884870922191,0.35144506499149136,0.52266371925244959
Tony Snell,11.777777777777779,9.5082021259663811,0.80730018050657948,1.2006044668943017
P.J. Tucker,22.884615384615383,7.8833513033625353,0.34448257796206039,0.51230921515338801
Serge Ibaka,31.38671875,9.7871118775545742,0.31182335291275309,0.46373891574518045
Tim Hardaway Jr.,18.242857142857144,9.6985330046901499,0.53163454215216166,0.79063875058552668
Pablo Prigioni,12.488805970149254,7.5642992269684406,0.6056863438385246,0.90076745615627163
Cole Aldrich,17.319672131147541,11.859079779816128,0.68471733702677118,1.01830113908616
Travis Wear,8.4607843137254903,7.6030212003222122,0.8986189599453831,1.336412357382776
Quincy Acy,14.040441176470589,7.6034666943840525,0.54154044013418756,0.80537065038314193
Cleanthony Early,11.493589743589743,8.8160080138884105,0.76703694933998445,1.1407256060226512
Jason Smith,16.865853658536587,8.7862296793516492,0.52094781902157283,0.77474561958313248
Iman Shumpert,18.766129032258064,8.8937110502519037,0.4739235798157439,0.70481189108155162
Shane Larkin,15.927631578947368,8.5138921563009475,0.53453598007341763,0.79495372463457326
Samuel Dalembert,14.796875,8.4238614383344448,0.56930003384731198,0.84665429309239371
Carmelo Anthony,39.662500000000001,10.00377332656187,0.25222246017174582,0.37510138068252313
Amar'e Stoudemire,21.351694915254239,8.8276259456522617,0.41343911950266593,0.61486032785508871
Nazr Mohammed,4.0652173913043477,4.5140043395931304,1.1103967894186311,1.6513651025874316
E'Twaun Moore,5.4910714285714288,6.3501904562909628,1.1564574489505492,1.7198658101525131
Aaron Brooks,20.420731707317074,9.2930577806653449,0.45507956883520945,0.67678736649487514
J.R. Smith,23.614285714285714,10.844059827406554,0.45921608464516561,0.68293912946821667
Perry Jones,8.1627906976744189,9.3566699727498683,1.1462587146103826,1.7046984086070447
Donald Sloan,16.797169811320753,12.262459970507626,0.73003131528997944,1.0856913937017612
J.J. Barea,15.61038961038961,7.9318119390010828,0.50811108095098445,0.7556550192834649
DeAndre Jordan,37.981707317073173,10.93194297899487,0.28782126321322182,0.42804337546922966
Brendan Haywood,4.2386363636363633,4.4135055664722325,1.0412560049585964,1.5485399866371234
Alex Kirk,1.3500000000000001,1.4747881203752624,1.0924356447224166,1.6246535632201564
Mike Miller,6.2688679245283021,7.1709632601467463,1.1439008360805945,1.7011918077618899
Shawn Marion,12.324561403508772,6.7450320528136638,0.54728373951655351,0.8139119972819534
Matthew Dellavedova,12.552238805970148,8.4177771522256339,0.67061958287647738,0.99733517498170576
Tristan Thompson,21.246951219512194,9.770948838647536,0.45987533635763983,0.68391955852040343
Dion Waiters,20.350000000000001,10.043544434617022,0.49354026705734749,0.73398552797230388
Kevin Martin,29.679487179487179,12.106836465558564,0.40791932799722158,0.60665137844843398
James Jones,7.5526315789473681,6.935084335236458,0.9182341628536077,1.3655837867956555
Jared Cunningham,3.4605263157894739,3.7111535698099924,1.0724246057245606,1.5948934524359049
Hedo Turkoglu,7.721774193548387,6.0138339218820178,0.77881504575808902,1.1582418106668948
Reggie Bullock,4.8611111111111107,5.1980231285022622,1.0693076150061798,1.5902579115675655
Jamal Crawford,24.3984375,8.6388884901495349,0.35407548086427809,0.52657563346096081
Chris Douglas-Roberts,3.5416666666666665,4.238397710398961,1.1967240594067654,1.7797496966519437
Jordan Farmar,10.319444444444445,7.9139594368592743,0.76689781891503062,1.1405186933850551
Ekpe Udoh,3.0303030303030303,3.3364450438008162,1.1010268644542693,1.6374302936547518
Spencer Hawes,14.116438356164384,8.0175677542546477,0.56795967594428842,0.8446609333428674
J.J. Redick,23.560897435897434,8.867548627702508,0.37636718430732996,0.55972751348607996
Chris Paul,44.762195121951223,10.886188897047395,0.24320051479577343,0.3616840816653572
Matt Barnes,20.690789473684209,8.1502421662439613,0.3939067756022519,0.58581212508987002
Blake Griffin,41.597014925373138,10.128806357466145,0.24349839467177309,0.36212708405574273
Joe Harris,4.8284313725490193,6.1136098575388402,1.2661689451146432,1.8830270673215799
Kyrie Irving,36.936666666666667,12.090599244458074,0.32733325271522629,0.4868050012404761
Kevin Love,35.223333333333336,9.6825083768860498,0.27488904259163571,0.40881077498176777
LeBron James,47.949275362318843,10.21888927411341,0.21311874260656649,0.31694693068417479
Channing Frye,16.803333333333335,9.5784715438903465,0.57003401372090934,0.84774585672154901
Anderson Varejao,22.134615384615383,7.3117134685485201,0.33032936608559782,0.49126077516775629
Zoran Dragic,3.03125,8.1393463087236508,2.6851451740119261,3.9933067872665013
Kawhi Leonard,35.51171875,10.050905124634536,0.28303065800312849,0.42091886075556262
Nick Johnson,5.4375,4.3925573627654755,0.80782664142813343,1.2013874115155532
Andre Dawkins,1.75,2.4579802006254377,1.4045601146431073,2.0888402955687728
Josh McRoberts,11.808823529411764,9.0093395168242925,0.76293286070243072,1.1346220682435746
Jimmy Butler,36.75,10.51180511972135,0.28603551346180545,0.42538763578270988
Brandon Rush,3.9166666666666665,3.1928060411911443,0.8151845211551858,1.2123299375801786
Greg Stiemsma,2.2205882352941178,3.3094117124275941,1.4903311022852741,2.2163975950462778
Meyers Leonard,13.527272727272727,9.3583089352695623,0.69181047236535742,1.028849941350082
Brook Lopez,31.829861111111111,13.519341022053515,0.42473766928672546,0.63166335808810248
Clint Capela,8.125,8.4795877901528378,1.043641574172657,1.5520877686439223
Russ Smith,4.208333333333333,7.6461765053858874,1.8169132290025873,2.7020855332040612
Noah Vonleh,8.8399999999999999,8.6572103859538174,0.97932244184997941,1.4564333399221105
Patric Young,nan,nan,nan,nan
Will Cherry,5.78125,6.0362557872054623,1.0441091091382422,1.552783079485744
Kalin Lucas,2.0,nan,nan,nan
Bruno Caboclo,1.6875,4.1763577775035374,2.4748786829650591,3.6806016814276186
David Lee,18.933673469387756,8.6669834943396804,0.45775498919174812,0.68076621068250398
Tiago Splitter,18.759615384615383,6.9664746089124163,0.37135487407836565,0.55227328246314322
Erick Green,6.2151162790697674,6.6814378164943706,1.0750302193049877,1.5987684810549969
A.J. Price,9.865384615384615,8.9599751029873875,0.90822359718390677,1.3506962268156244
Ish Smith,14.309090909090909,13.178261740137904,0.92097127790036182,1.3696543823818903
Ronny Turiaf,2.125,0.88388347648318444,0.41594516540385151,0.61858728094621462
Glen Davis,9.0304054054054053,6.1638518554884767,0.68256646061525972,1.0151023886216453
Nick Calathes,12.163793103448276,7.1138226769613704,0.58483588272680298,0.86975896965769239
Dwight Powell,6.6206896551724137,6.8906058882647727,1.0407685977066583,1.5478151220353265
T.J. Warren,10.793749999999999,8.0626329247639177,0.74697236129833633,1.1108858579204266
Toure' Murry,1.75,2.1937410968480306,1.2535663410560176,1.8642846675393929
Lou Amundson,15.481132075471699,10.128839378492362,0.6542699415723281,0.97302023878342103
John Jenkins,9.5729166666666661,8.6929754145500162,0.90808013035560564,1.35048286514537
Adreian Payne,15.609375,9.3236902349216955,0.59731348852351207,0.88831547393875776
Drew Gordon,4.5,3.2161700825671518,0.71470446279270039,1.0628975333558903
Victor Oladipo,32.423611111111114,9.1161942741375608,0.28115912946579752,0.41813555217209403
Gary Harris,7.1818181818181817,5.7989970687496477,0.80745528805374844,1.200835140463411
George Hill,31.808139534883722,10.287943303140718,0.32343744254070617,0.48101121200241831
Paul George,16.666666666666668,4.9286576942070797,0.29571946165242474,0.43978945524908836
Victor Claver,5.5499999999999998,4.0462602761342756,0.7290559056097794,1.0842407793610518
Markel Brown,10.441489361702128,9.2188389297048072,0.88290459438843794,1.3130421935482537
Robert Covington,25.321428571428573,10.635184194791496,0.42000727426539047,0.6246283870452054
Jerami Grant,15.0,7.839453504549919,0.52263023363666128,0.77724768083719531
Cartier Martin,3.7391304347826089,4.0804956395065073,1.0912953454494148,1.6229577276018572
Raymond Felton,7.8620689655172411,8.479119891706393,1.0784845476293219,1.6039057052455239
Nick Young,19.80952380952381,8.6603965302054675,0.43718347868825674,0.65017257525713257
Bradley Beal,27.567460317460316,9.2470795683153231,0.3354345834483175,0.49885317625739983
Hassan Whiteside,30.885416666666668,15.163379592747747,0.49095596657800461,0.73014219587079343
Jeff Taylor,8.5603448275862064,6.1758657477304464,0.72145058080234825,1.0729302567618195
Jose Calderon,21.214285714285715,9.1840216874417653,0.43291684721947715,0.64382730626834805
C.J. Wilcox,3.25,3.9898308234811157,1.2276402533788049,1.8257277869317077
Jordan Hamilton,5.3928571428571432,5.8816159848639042,1.0906307786502603,1.6219693940341453
Ricky Ledo,9.9705882352941178,10.763756587843899,1.079550808220332,1.6054914316696611
Eric Moreland,1.0833333333333333,1.0103629710818451,0.9326427425370879,1.3870120058736368
Grant Jerrett,4.84375,4.9351825483678198,1.0188763970823886,1.5152573764850266
Jeff Adrien,11.779411764705882,6.8006676791586376,0.57733508387364219,0.85860389645712698
Kevin Durant,43.481481481481481,10.649107475675597,0.24491133036051205,0.36422838037685829
Dante Cunningham,13.416666666666666,7.4319131677740504,0.55393141623160624,0.82379832030191524
Malcolm Lee,0.0,nan,nan,nan
Jodie Meeks,17.5,7.9827674569153295,0.45615814039516167,0.67839140160351497
Ronald Roberts Jr.,nan,nan,nan,nan
Darius Morris,5.2565789473684212,5.2782338755449452,1.0041195858358343,1.4933112727586384
Damien Inglis,nan,nan,nan,nan
Johnny O'Bryant III,6.2058823529411766,4.8689144566052658,0.78456441480843142,1.1667921842829809
Mitch McGary,15.0390625,11.120510941897901,0.73944176652619809,1.0996864726853997
Furkan Aldemir,10.097560975609756,6.6993185401530981,0.66345908247893004,0.98668618843360512
Patrick Christopher,3.75,2.8062430400804561,0.74833147735478833,1.1129071145085028
Jason Richardson,18.473684210526315,10.012455693077897,0.54198478110678072,0.80603146747373733
Patty Mills,12.720588235294118,6.7743352180903189,0.53254889575738917,0.7919985632664408
Martell Webster,6.21875,6.0906293705192942,0.97939768772169555,1.4565452444303457
Andrea Bargnani,24.318965517241381,12.559482855830943,0.51644807205827337,0.76805366480041282
Elijah Millsap,13.76595744680851,8.3411311034599134,0.60592451601640795,0.90112166217227585
Elliot Williams,5.7692307692307692,4.8941520571978927,0.8483196899143014,1.26160805318586
Langston Galloway,24.977777777777778,8.6877366256561714,0.34781863714815631,0.51727055129248967
Kenyon Martin,6.5227272727272725,6.6487353548010777,1.0193183122343117,1.515914585932266
Miroslav Raduljica,3.0499999999999998,3.1144823004794873,1.021141737862127,1.5186263566052653
Joel Embiid,nan,nan,nan,nan
Tyler Johnson,13.5546875,12.431057356313973,0.91710394329002221,1.3639029415668578
Dahntay Jones,1.3106060606060606,2.0000295925841001,1.5260341400063655,2.2694946060524441
Larry Drew II,11.145833333333334,5.530348432773363,0.49618079396845122,0.73791247916217784
Quincy Miller,8.9000000000000004,7.9923574605855672,0.89801769220062544,1.3355181611995144
JaMychal Green,5.71875,7.0581099283639359,1.2342050147958794,1.8354907995901333
James Michael McAdoo,9.0833333333333339,9.203389644711395,1.0132172085920801,1.5068411180169587
Tyrus Thomas,2.75,3.8890872965260113,1.4142135623730949,2.1031967552171293
Lorenzo Brown,13.810344827586206,9.6199326114207189,0.69657439633258644,1.0359347761279103
Reggie Williams,3.7875000000000001,4.0403190012149963,1.0667508914099,1.586455591384283
John Lucas III,10.5,7.0222859525940695,0.66878913834229237,0.99461296589862869
Toney Douglas,11.833333333333334,8.0264713557230394,0.67829335400476387,1.0087474899012492
Tim Frazier,17.227272727272727,11.109373601521456,0.64487129085348827,0.95904270934853642
Bernard James,8.109375,7.5360073148849853,0.92929569971606751,1.3820343350408593
David Stockton,8.8333333333333339,8.8081401744825403,0.99714794428104225,1.4829431541896361
Joffrey Lauvergne,9.8020833333333339,8.3993332960920526,0.85689266357580973,1.2743576483440271
Earl Barron,5.3125,5.825590098865522,1.0965816656688041,1.6308194620868537
Henry Walker,16.5625,9.8174229550458332,0.59275006521031448,0.88152882066349569
Bryce Cotton,8.15625,9.7090486145656936,1.1903814393337249,1.7703170491988891
Jack Cooley,4.765625,4.684610220356296,0.98300017738623913,1.4619028118973536
Michael Beasley,17.260416666666668,13.712989551062023,0.79447615986840925,1.1815327797653943
Jerrelle Benimon,1.625,2.2980970388562794,1.4142135623730949,2.1031967552171293
Jarell Eddie,nan,nan,nan,nan
Jabari Brown,18.710526315789473,10.252121446415215,0.54793335437943491,0.81487809455898719
Seth Curry,2.0,2.8284271247461903,1.4142135623730951,2.1031967552171298
Sean Kilpatrick,10.625,9.2590046261283767,0.87143572951796489,1.2959858733266272
David Wear,2.0,1.0606601717798212,0.5303300858899106,0.78869878320642361
Will Bynum,8.0714285714285712,12.972498382567419,1.6072121889906539,2.3902213574860229
Earl Clark,7.3250000000000002,7.7835742289630527,1.0626039903021232,1.5802883835550448
Lester Hudson,9.9000000000000004,9.9319560007080181,1.0032278788593958,1.4919851397972894
Steve Nash,nan,nan,nan,nan
Jerel McNeal,3.625,5.1204247870660105,1.4125309757423476,2.1006944381440129
Sim Bhullar,2.25,1.9525624189766635,0.86780551954518381,1.2905870806416679
Dwight Buycks,15.25,6.2689712074629913,0.41108007917790107,0.6113519992062344
Arinze Onuaku,11.041666666666666,11.100018768752902,1.0052847186795082,1.4950440404829841
Jamaal Franklin,3.6666666666666665,4.2006943870428533,1.14564392373896,1.7037841010368757
Vander Blue,24.625,16.440232662587231,0.66762366142486218,0.99287968647306135
Chris Babb,nan,nan,nan,nan
